word,translation,toeic_target,sentence,trans_s
ability,n. 能力；才能  ,中級, She has the ability to solve complex problems quickly.,她有能力快速解決複雜問題。
agreement,n. 協議；同意；一致  ,中級, 1. They signed a trade agreement between the two countries.  2. We reached an agreement on the project deadline.  3. Her story was in agreement with the witness's account.,1. 他們簽署了兩國之間的貿易協議。 2. 我們就專案期限達成共識。 3. 她的故事與證人的說法一致。
enjoyment,n. 樂趣  ,中級, She gets a lot of enjoyment from playing the piano.,她從彈鋼琴中獲得很大樂趣。
glove(s),n. 手套,初級,She put on her gloves before cleaning the house.,她在打掃房子前戴上手套。
goddess,n. 女神  ,中級," In Greek mythology, Athena is the goddess of wisdom.",在希臘神話中，雅典娜是智慧女神。
media,n. 媒體  ,中級, The media plays an important role in shaping public opinion,媒體在塑造輿論方面扮演重要角色
mine,n. 礦；礦山 v. 採礦  ,初級, 1. The workers went deep underground to work in the mine.  2. They mine coal in this region.,1. 工人們深入地下在礦場工作。 2. 他們在此地區開採煤炭。
online,adj. 線上的 adv. 線上地  ,初級, 1. Many people shop using online stores nowadays.  2. She is online and available to chat.,1. 現今許多人透過網路商店購物。 2. 她在線且可以聊天。
payment,n. 支付；薪水  ,中級, The payment was made by credit card.,付款是用信用卡支付的。
photograph,n. 照片,初級,He took a photograph of the sunset.,他拍了一張夕陽的照片。
photo,v. 拍照,初級,Can you take a photo of me?,你能幫我拍張照嗎？
sore,adj. 疼痛的 n. 痛處，傷口；傷心事  ,初級," 1. After running, my legs felt sore.  2. He has a sore on his arm that won’t heal.",1. 跑步後，我的腿感到酸痛。 2. 他手臂上有一個無法癒合的傷口。
stair,n. 樓梯,初級,She ran up the stairs quickly.,她迅速跑上樓梯。
taxi/taxicab/cab,n. 計程車,初級,I took a taxi to the airport.,我搭計程車去機場。
treatment,n. 對待；待遇；治療法  ,中級, 1. The treatment of waste is important for the environment.  2. She was given special treatment at the hotel.  3. The patient received treatment for the infection.,1. 廢棄物處理對環境非常重要。 2. 她在飯店受到特殊待遇。 3. 患者接受感染治療。
absence,n. 缺席；缺少  ,中級, 1. Her absence from the meeting was noticed by everyone  2. The absence of evidence made it hard to solve the case.,1. 她缺席會議被所有人注意到 2.缺乏證據使得破案變得困難。
account,n. 帳戶；描述 v. 認為；解釋  ,中級, 1. I opened a bank account last week. 2. He gave a detailed account of what happened.,1. 我上週開了一個銀行帳戶。2. 他詳細說明了發生的事情。
actual,adj. 實際的  ,中級, The movie is based on actual events.,這部電影是根據真實事件改編的。
addition,n. 增加；附加；加法  ,初級, 1. The new employee is a great addition to our team.  2. They built an addition to the house for extra space.  3. She’s learning addition and subtraction in math class.,1. 新員工是我們團隊的一大補充。 2. 他們在房子上加建了額外空間。 3. 她在數學課上學加法和減法。
admit,v. 承認；允許進入；接納  ,中級, 1. He admitted that he made a mistake.  2. Only employees are admitted beyond this point.  3. They admitted him to the hospital last night.,1. 他承認自己犯了錯。 2. 只有員工能進入此範圍以上。 3. 他們昨晚把他送進醫院了。
advance,n. 前進；發展；預付 v. 促進；進步  ,中級, 1. The soldiers advanced toward the enemy base.   2. There have been major advances in medical technology.  3. We need to make an advance booking for the hotel.  4. He received an advance on his salary.,1. 士兵向敵方基地推進。  2. 醫療技術取得了重大進展。 3. 我們需要提前預訂飯店。 4. 他提前領取薪水。
affair,n. 事情；事務；(多指不正當的)戀情；事件  ,中級, 1. He always tries to keep his personal affairs private.  2. The president promised not to interfere in foreign affairs.  3. He had an affair with his coworker.  4. The wedding was a grand affair.,1. 他總是盡量把自己的私事保密。 2. 總統承諾不干涉外交事務。 3. 他和同事有外遇。 4. 婚禮盛大隆重。
aid,n. 幫助；助聽器 v. 幫助  ,中級, 1. The country sent food aid to the disaster victims.  2. Hearing aids help people with hearing loss.  3. The organization aids refugees by providing shelter and medical care.,1. 國家向災民提供糧食援助。 2. 助聽器有助於聽力損失者。 3. 該組織透過提供庇護和醫療照護來協助難民。
aircraft,n. 航空器；飛機  ,中級, The aircraft took off smoothly despite the bad weather.,儘管天氣惡劣，飛機仍順利起飛。
anytime,adv. 任何時候   ,初級, You can call me anytime if you need help,如果你需要幫忙，隨時都可以打給我
anyway,adv. 無論如何  ,初級," 1. Anyway, let’s finish the work first.  2. It’s raining, but I’ll go out anyway.",1. 總之，先把工作做完。 2. 下雨了，但我還是要出去。
anywhere/anyplace,adv. 在任何地方  ,初級, 1. I can go anywhere you want.,1. 我可以去你想去的任何地方。
ape,n. 大猩猩 v.模仿,初級,1.The ape climbed the tree quickly. 2.He tried to ape his boss’s behavior.,1. 猿猴迅速爬上樹。2. 他試圖模仿老闆的行為。
appearance,n. 外貌；出現，露面  ,中級, 1. Her appearance changed a lot after the haircut.  2. The sudden appearance of the cat startled me.,1. 她剪髮後外貌變化很大。 2. 貓突然出現嚇了我一跳。
appetite,n.胃口；食慾  ,初級, 1. He has a big appetite and can eat a lot.  2. Stress can sometimes reduce your appetite.,1. 他食量很大，能吃很多。 2. 壓力有時會降低你的食慾。
apply,v. 申請；應用；塗抹  ,中級, 1. She applied for a job at the company.  2. You can apply this method to solve other problems.  3. Apply the cream to your skin twice a day.,1. 她申請了公司的工作。 2. 你可以將此方法應用於解決其他問題。 3. 每天塗抹兩次乳霜。
approach,n. 方法 v. 接近；靠近  ,中級," 1. We need a new approach to solve this problem.  2. As we approached the station, it started to rain.",1. 我們需要一種新的方法來解決這個問題。 2. 當我們接近車站時，開始下雨。
argument,n. 爭論，爭吵；論點  ,中級, 1. They had an argument about money last night.  2. Her main argument was that the law is unfair.,1. 他們昨晚為了錢吵架了。 2. 她的主要論點是法律不公平。
arrangement,n. 安排；布置；協議，約定  ,中級, 1. She made all the travel arrangements for the trip.  2. The flower arrangement on the table is beautiful.  3. We had an arrangement to meet at 7 p.m.,1. 她安排了所有旅行安排。 2. 桌上的花藝擺設很漂亮。 3. 我們約好晚上七點見面。
arrival,n. 到達；(某人或某事)到來  ,中級, 1. Our arrival at the hotel was delayed by traffic.  2. The arrival of spring brought warmer weather.,1. 我們抵達飯店因交通延誤。 2. 春天的到來帶來了溫暖的天氣。
arrow,n. 箭,初級,Follow the arrow to find the exit.,跟著箭頭走就能找到出口。
article,n. 文章；冠詞  ,中級, 1. I read an interesting article about space travel.  2. “The” is a definite article.,1. 我讀過一篇關於太空旅行的有趣文章。 2. 「The」是定冠詞。
attempt,n./v. 企圖；嘗試  ,中級, 1. His attempt to break the record failed.  2. She attempted to lift the heavy box by herself.,1. 他嘗試打破紀錄失敗。 2. 她試圖自己搬起沉重的箱子。
attend,v. 參加；照顧  ,中級, 1. She will attend the meeting tomorrow morning.  2. The nurse attended the patient all night.,1. 她明天早上會出席會議。 2. 護士整晚照顧病人。
author,n. 作者；發起人 v. 創作；發起  ,中級, 1. J.K. Rowling is the author of the Harry Potter series.  2. He was the author of the new company policy.  3.  She authored several best-selling novels,1. J.K. 羅琳是《哈利波特》系列的作者。 2. 他是新公司政策的起草人。 3. 她著有多部暢銷小說
average,adj. 平均的；一般的 n. 平均；平均數 v. 平均為...；使平衡  ,中級," 1. He’s just an average student, not particularly good or bad.  2. The average of 80, 90, and 100 is 90.  3. She averages 8 hours of sleep per night.",1. 他只是個普通學生，沒有特別好或不壞。 2. 80、90 和 100 的平均值為 90。 3. 她平均每晚睡8小時。
backward,adv. 向後地 adj. 倒退的；落後的  ,初級, 1. He took a step backward to avoid the falling object.  2. The company experienced backward movement in sales last quarter.  3. The region is still backward in terms of technology.,1. 他往後退了一步，避開掉落的物體。 2. 公司上季銷售出現倒退。 3. 該地區在科技方面仍然落後。
balance,n. 平衡，均衡；餘額 v. 平衡  ,中級, 1. She lost her balance and fell.  2. I checked my bank account balance online.  3. He balanced the books to avoid mistakes.,1. 她失去平衡摔倒了。 2. 我在線上查詢銀行帳戶餘額。 3. 他平衡帳目以避免錯誤。
bar,n. 棒；沙洲；酒吧 v. 阻塞；禁止  ,初級, 1. He ate a chocolate bar.  2. We met at a bar for drinks after work.  3. The fence acted as a bar to keep people out.,1. 他吃了一根巧克力棒。 2. 下班後我們在酒吧喝酒。 3. 圍欄作為障礙物，防止人進入。
basics,n. 基礎；基本原理  ,初級," 1. Before advanced lessons, you need to understand the basics.  2. The class covers the basics of computer programming.",1. 在進階課程之前，你需要先了解基礎。 2. 課程內容涵蓋電腦程式設計的基礎。
basis,n. 基礎；根據；原因  ,中級, 1. Trust is the basis of a good relationship.  2. Decisions were made on the basis of available data.,1. 信任是良好關係的基礎。 2. 決策是根據現有資料做出的。
battle,n. 戰鬥；爭論，爭鬥 v. 與...作戰  ,中級, 1. The soldiers fought bravely in the battle.  2. The two companies are in a battle for market share.  3. She is battling a serious illness.,1. 士兵們在戰鬥中英勇作戰。 2. 兩家公司正為市場份額展開激烈競爭。 3. 她正在與嚴重疾病抗爭。
beg,v. 乞求；乞討  ,初級, 1. He begged her to stay.  2. The homeless man begged for money on the street.,1. 他懇求她留下。 2. 無家可歸者在街上乞討錢財。
being,n. 存在；生物  ,中級, 1. Human beings have the ability to think  2. Aliens are fictional beings in many movies.,1. 人類具備思考能力 2.外星人在許多電影中都是虛構的存在。
belief,n. 信念，信條；看法  ,中級, 1. Her belief in honesty is very strong.  2. There is a common belief that exercise improves health.,1. 她對誠實的信念非常堅定。 2. 普遍認為運動能改善健康。
bend,v. 使彎曲 n. 彎；曲  ,初級, 1. Be careful not to bend the metal rod.  2. The car slowed down as it approached the bend in the road.,1. 小心不要彎曲金屬棒。 2. 車輛在接近路彎時減速。
better,adj. 較好的 adv. 更好地；更適當地 n. 更好的狀況 v. 改進  ,初級, 1. This restaurant has better food than the one we went to last week.  2. He knows better than to lie.  3. She is trying to better her English skills.,1. 這家餐廳的食物比我們上週去的那家還好吃。 2. 他知道不能說謊。 3. 她正在努力提升自己的英文能力。
billion,n. 十億；大量  ,中級, 1. The company is worth over five billion dollars.,1. 該公司市值超過五十億美元。
birth,n. 出生；分娩；誕生  ,初級, 1. The baby’s birth was a joyful event for the family.  2. She gave birth to a healthy baby last night.  3. The birth of the Internet changed the world.,1. 嬰兒的誕生對全家來說是一件喜悅的事。 2. 她昨晚生了一個健康的寶寶。 3. 網際網路的誕生改變了世界。
biscuit,n. 小麵包(美式)；餅乾(英式),初級,She bought a pack of chocolate biscuits.,她買了一包巧克力餅乾。
bit,n. 一點；部分，片段 v. 咬   ,初級, 1. Can you give me a bit of sugar?  2. I only saw a bit of the movie.  3. The dog bit the mailman.,1. 可以給我一點糖嗎？ 2. 我只看了電影的一小部分。 3. 狗咬了郵差。
border,n. 邊界，國界；邊緣 v. 與...相鄰，接壤  ,中級, 1. The river forms the border between the two countries.  2. There is a decorative border around the picture frame.  3. Canada borders the United States to the south.,1. 這條河形成兩國的邊界。 2. 相框周圍有裝飾邊框。 3. 加拿大與美國接壤。
brain,n. 腦袋；智力  ,初級, 1. The brain controls all the functions of the body.  2. She is the brain behind the successful project.,1. 大腦控制身體的所有功能。 2. 她是這個成功計畫的幕後推手。
brand,n. 商標；烙印 v.  烙印；給...貼標籤  ,中級," 1. Nike is a well-known sports brand.  2. In the past, criminals were branded as punishment.  3. He was branded a liar after the scandal.",1. Nike 是一個知名的運動品牌。 2. 過去，罪犯被貼上懲罰的標籤。 3. 醜聞後他被貼上說謊者的標籤。
brief,adj. 短暫的 n. 概要，簡報 v. 向...簡單說明  ,中級, 1. We had a brief conversation before the meeting started.  2. The lawyer gave the judge a written brief.  3. The manager briefed the team on the new project.,1. 我們在會議開始前有過簡短的對話。 2. 律師向法官提交書面陳述。 3. 經理向團隊簡報了新專案。
brilliant,adj. 光輝的；傑出的  ,中級, 1. The stars looked brilliant in the night sky.  2. She's a brilliant scientist with many important discoveries.,1. 夜空中的星星閃耀著光芒。 2. 她是一位才華洋溢的科學家，擁有許多重要發現。
burden,n. 重擔；負擔 v. 使...有負擔  ,中級, 1. Taking care of his sick parents is a heavy burden for him.  2. I don’t want to burden you with my problems.,1. 照顧生病的父母對他來說是沉重的負擔。 2. 我不想把我的煩惱加在你身上。
camel,n. 駱駝,初級,The camel can survive in the desert for a long time.,駱駝能在沙漠中長時間存活。
capital,n. 首都；大寫字母；資本 adj. 首要的；大寫字母的；資本的  ,中級, 1. Paris is the capital of France.  2. Please write your name in capital letters.  3. He invested a large amount of capital in his new business.  4. Education is of capital importance to a country's future.,1. 巴黎是法國的首都。 2. 請用大寫寫下你的名字。 3. 他在新事業上投入了大量資金。 4. 教育對國家的未來至關重要。
cell,n. 牢房；細胞；電池  ,中級, 1. The prisoner was locked in a small cell for the night.  2. The human body is made up of trillions of cells.  3. The flashlight needs two AA cells to work.,1. 囚犯被關在一個小牢房過夜。 2. 人體由數兆個細胞組成。 3. 手電筒需要兩個AA電池才能運作。
chain,n. 鏈，鏈條；連鎖店；一連串 v. 拘禁；束縛  ,中級, 1. He wore a gold chain around his neck.  2. This is a popular fast-food chain with stores all over the world.  3. The accident caused a chain of delays on the highway.  4. He chained his bike to the post.,1. 他脖子上掛著一條金鍊子。 2. 這是一家在全球各地都有分店的知名速食連鎖店。 3. 事故導致公路上一連串延誤。 4. 他把腳踏車鎖在柱子上。
challenge,n. 挑戰 v. 向...挑戰；質疑  ,中級, 1. Climbing the mountain was a real challenge for him.  2. She challenged him to a game of chess.  3. He challenged the decision made by the manager.,1. 爬山對他來說是真正的挑戰。 2. 她向他挑戰下一盤棋。 3. 他質疑經理的決定。
chapter,n. 章，回；時期，階段  ,初級, 1. I just finished reading Chapter 5 of the novel.  2. Moving to a new city was an exciting chapter in her life.,1. 我剛讀完小說的第五章。 2. 搬到新城市是她人生中令人興奮的一章。
chemical,adj. 化學的 n. 化學製品  ,中級, 1. The factory was shut down due to a chemical leak.  2. Some cleaning products contain harmful chemicals.,1. 工廠因化學品洩漏而停工。 2. 部分清潔產品含有有害化學物質。
chief,adj. 為首的；主要的 n. 領袖  ,中級, 1. His chief reason for quitting was the long working hours.  2. The chief of the tribe welcomed the visitors warmly.,1. 他辭職的主要原因是長時間的工作。 2. 部落酋長熱情歡迎來訪者。
china,n. 瓷器  ,初級, She collects antique china from the 18th century.,她收藏18世紀的古董瓷器。
chopstick(s),n. 筷子,初級,She dropped her chopsticks on the floor.,她把筷子掉在地上。
claim,n./v. 主張，聲稱；要求  ,中級, 1. He claims that he was not at the scene of the accident.  2.The company made a claim for insurance.  3. She claimed compensation for the damaged goods.,1. 他聲稱自己不在事故現場。 2. 公司提出保險理賠。 3. 她主張賠償損壞物品。
classic,adj. 典型的 n. 古典著作  ,中級, 1. This novel is a classic example of 19th-century literature  2. Pride and Prejudice” is considered a classic in English literature.,1. 這部小說是19世紀文學的經典範例 2.《傲慢與偏見》被視為英國文學經典。
click,v. 點擊 n. 喀噠聲  ,初級, 1. Click the button to start the game.  2. He heard a click as the door locked.,1. 點擊按鈕開始遊戲。 2. 他聽到門鎖上的喀嚓聲。
cloth,n. 布料，衣料  ,初級, She wiped the table with a clean cloth.,她用乾淨的布擦拭桌子。
clothing,n. 衣服；覆蓋物  ,初級, The organization provided food and clothing for the victims.,該組織為受害者提供食物和衣物。
coal,n. 煤礦,初級,Coal is used as a source of energy.,煤炭被用作能源來源。
cockroach/roach,n. 蟑螂,初級,I saw a cockroach in the kitchen last night.,我昨晚在廚房看到一隻蟑螂。
cocoa,n. 可可豆,初級,I like drinking hot cocoa in winter.,我喜歡冬天喝熱可可。
cola/Coke,n. 可樂,初級,I ordered a glass of cola.,我點了一杯可樂。
combine,v. 結合  ,中級, She combines creativity with hard work to achieve success.,她結合創意與努力工作，以達成成功。
comic(s),adj. 喜劇的 n. 漫畫，喜劇演員  ,初級, 1. The movie had a lot of comic moments  2. He enjoys reading Japanese comics.  3. The comic made the audience laugh nonstop.,1. 電影有很多喜劇時刻 2.他喜歡閱讀日本漫畫。 3. 這部喜劇讓觀眾笑個不停。
commercial,adj. 商業的 n. 電視廣告  ,中級, 1. The city is a major commercial center.  2. We watched a funny commercial during the Super Bowl.,1. 該市是重要的商業中心。 2. 我們在超級盃期間看了一個有趣的廣告。
complex,adj. 複雜的 n. 複合物，心理情結  ,中級, 1. This math problem is very complex.  2. They live in a large apartment complex.  3. He has a superiority complex.,1. 這個數學題非常複雜。 2. 他們住在一個大型公寓大樓裡。 3. 他有優越感。
conclude,v. 結束；推斷  ,中級," 1. The meeting concluded at 5 p.m.  2. From the evidence, we can conclude that he is innocent.",1. 會議於下午5點結束。 2. 從證據來看，我們可以得出他是無辜的結論。
condition,n. 情況；條件；健康狀態 v. 決定；為...的條件  ,中級, 1. The car is in good condition.  2. She works hard under difficult conditions  3. He suffers from a heart condition.  4. Your success conditions your future opportunities.,1. 車輛狀況良好。 2. 她在艱難環境下努力工作 3.他患有心臟病。 4. 你的成功決定了未來的機會。
conflict,n./v. 衝突  ,中級, 1.There was a conflict between the two countries.  2.Their stories conflict with each other.,1. 兩國之間發生了衝突。 2. 他們的故事彼此矛盾。
congratulation(s),n. 祝賀  ,初級, Congratulations on your graduation!,恭喜你畢業！
connection,n. 連接；關聯  ,中級, 1. The internet connection is very slow today.  2. She has a connection to the company through her uncle.,1. 現在網路連線非常慢。 2. 她透過叔叔與公司有聯繫。
consideration,n. 考慮；體貼；動機  ,高級," 1. After careful consideration, she decided to accept the job offer.  2.He showed great consideration for the elderly.",1. 經過深思熟慮，她決定接受這份工作邀約。 2. 他對長者表現出極大的關懷。
contact,n./v. 接觸；聯繫  ,中級, 1. Do you have the contact information for the new client?  2. Please contact me if you have any questions.,1. 你有新客戶的聯絡資訊嗎？ 2. 如有任何問題，請與我聯繫。
contain,v. 包含；容納；控制  ,中級," 1. This box contains old photographs.  2. The stadium can contain 50,000 spectators.  3. Firefighters worked hard to contain the wildfire.",1. 這個盒子裡有舊照片。 2. 體育場可容納5萬名觀眾。 3. 消防員努力控制野火。
countryside,n. 鄉村  ,初級, They spent the weekend relaxing in the countryside.,他們週末在鄉間放鬆。
crisis,n. 危機  ,中級, The company faced a financial crisis last year.,該公司去年曾面臨財務危機。
crow,n. 烏鴉；雞啼聲,初級,A crow was sitting on the tree branch.,一隻烏鴉正坐在樹枝上。
cultural,adj. 文化的；教養的  ,中級, The festival is a celebration of the city’s cultural heritage.,這個節慶是對城市文化遺產的慶祝。
cycle,n. 週期 v. 循環，輪轉  ,中級, The water cycle is essential for life on Earth.,水循環對地球生命至關重要。
dancer,n. 舞者  ,初級, She wants to become a professional dancer.,她想成為一名職業舞者。
data,n. 資料，數據  ,中級," The researchers collected data from over 1,000 participants.","研究人員從超過1,000名參與者中收集了資料。"
debt,n. 債  ,中級, He is trying to pay off all his credit card debt.,他正在努力還清所有信用卡債務。
delay,n./v. 延緩  ,中級, 1. There was a long delay before the train arrived.  2. They decided to delay the meeting until next week.,1. 火車抵達前有長時間的延誤。 2. 他們決定將會議延後到下週。
delivery,n. 運送，投遞，交貨；分娩  ,中級, 1. The delivery will arrive in two days.  2. She had a smooth delivery last night.,1. 送貨兩天後會到。 2. 她昨晚生產順利。
deny,v. 否定，否認；不允許  ,中級, 1. He denied stealing the money.  2. They denied him access to the building.,1. 他否認偷錢。 2. 他們拒絕他進入建築物。
depth,n. 深度(實體或抽象)  ,中級, 1. The pool has a depth of two meters.  2. Her speech showed great depth of understanding.,1. 水池深度為兩公尺。 2. 她的演講展現了深刻的理解。
description,n. 描述，說明  ,中級, He gave a clear description of the suspect.,他清楚描述了嫌疑人。
detail,n. 細節，詳情 v. 詳述  ,中級, 1. She explained every detail of the plan.  2. The witness detailed what happened that night.,1. 她解釋了計畫的每個細節。 2. 證人詳細說明了當晚發生的事情。
development,n. 發展；進展  ,中級, 1. The development of new technology has changed our lives.  2. There has been a recent development in the investigation.,1. 新科技的發展改變了我們的生活。 2. 調查最近有了新進展。
dialogue,n. 對話  ,中級, The book begins with a dialogue between a teacher and a student.,本書以教師與學生之間的對話開始。
director,n. 主管；導演  ,中級, 1. She is the marketing director of the company.  2. The movie was directed by a famous director.,1. 她是公司的行銷總監。 2. 這部電影由一位著名導演執導。
disagree,v. 不同意；(意見、觀點)不一致  ,初級, 1. I disagree with your opinion.  2. They often disagree about how to raise their children.,1. 我不同意你的看法。 2. 他們經常在如何教養孩子上意見不合。
disagreement,n. 不同意；不一致；意見分歧  ,中級, 1. There is a disagreement between the reports.  2. They had a serious disagreement about money.,1. 兩份報告存在分歧。 2. 他們在金錢問題上有嚴重分歧。
discovery,n. 發現；被發現的事物  ,中級, 1. The discovery of penicillin changed modern medicine.  2. This fossil is an important discovery for scientists.,1. 青黴素的發現改變了現代醫學。 2. 這具化石對科學家來說是一項重要的發現。
disease,n. 疾病  ,中級, Heart disease is one of the leading causes of death worldwide.,心臟病是全球主要的死因之一。
display,n. 陳列；顯示；展示；顯示器 v. 陳列；顯示；展示  ,中級, 1. The store displays the newest products in the front window.  2. The monitor displays the results instantly.  3. There was a beautiful flower display at the entrance.  4.The display on this phone is very clear.,1. 店面櫥窗展示最新產品。 2. 螢幕即時顯示結果。 3. 入口處有一個美麗的花卉展示。 4. 這支手機的顯示非常清楚。
division,n. 分割，劃分；部門，分支；除法  ,中級, 1.  The division of the land caused many arguments.  2. He works in the marketing division of the company.  3. Division is one of the four basic math operations.,1. 土地分割引發了許多爭論。 2. 他在公司的行銷部門工作。 3. 除法是四種基本數學運算之一。
domestic,adj. 家庭的；國內的；馴養的  ,中級, 1. She left her job to focus on domestic responsibilities.  2. The airline only offers domestic flights.  3. Dogs and cats are common domestic animals.,1. 她辭去工作，專注於家務責任。 2. 該航空公司僅提供國內航班。 3. 狗和貓是常見的家畜。
dove,n. 鴿子,初級,A white dove is often a symbol of peace.,白鴿常被視為和平的象徵。
drawing,n. 圖畫；繪畫(行為)；抽籤  ,初級, 1. She showed me a beautiful pencil drawing of a cat.  2. Drawing helps children develop creativity.  3. They held a drawing to decide who would go first.,1. 她給我看了一幅漂亮的貓用鉛筆畫。 2. 繪畫有助於孩子發展創造力。 3. 他們舉行抽籤決定誰先開始。
drug,n. 藥品；毒品 v. 服麻醉藥；吸毒；給...服藥  ,中級, 1. The doctor prescribed a new drug for her illness.  2. He was arrested for possession of illegal drugs.  3. The patient was drugged before the surgery.,1. 醫生為她的疾病開立了新藥。 2. 他因持有非法毒品被逮捕。 3. 病人在手術前被下藥。
due,adj. 到期的；應支付的；應得的 adv. 正向 n. 應得之物；應付款  ,中級, 1. The payment is due next Monday.  2. She received the due respect for her hard work.,1. 付款截止時間為下週一。 2. 她的努力獲得了應有的尊重。
dull,adj. 單調的，無聊的；鈍的；遲鈍的 v. 使遲鈍  ,中級, 1. The movie was so dull that I fell asleep.  2. This knife is too dull to cut the meat.,1. 電影無聊到我睡著了。 2. 這把刀太鈍，切不了肉。
earring(s),n. 耳環,初級,She is wearing gold earrings.,她戴著金耳環。
eastern,adj. 東方的  ,初級, The eastern part of the country is known for its beautiful landscapes.,該國東部以其美麗的自然景觀聞名。
edition,n. 發行數；版本  ,中級, This is the latest edition of the textbook.,這是教科書的最新版本。
effect,n. 結果；作用；影響 v. 造成；招致  ,中級, 1. The medicine had a positive effect on her health.  2. The new law will effect significant changes in the industry.,1. 藥物對她的健康有正面影響。 2. 新法將對產業帶來重大變革。
effective,adj. 有效的；生效的；有影響力的  ,中級, 1. The new medicine is very effective in treating headaches.  2. The policy will be effective starting next month.,1. 新藥在治療頭痛方面非常有效。 2. 該保單將於下個月生效。
electrical,adj. 電的  ,中級, The electrical system in the house needs to be repaired.,房子的電力系統需要維修。
employee,n. 雇員  ,中級, The company has over 500 employees.,公司擁有超過500名員工。
employer,n. 雇主  ,中級, The employer provides health insurance to all employees.,雇主為所有員工提供健康保險。
employment,n. 雇用；就業；工作  ,中級, He is looking for employment in the tech industry.,他正在尋找科技產業的工作。
empty,adj. 空的；未佔用的；空虛的 v. 倒空；使變空  ,初級, 1. The box is empty.  2. He felt empty after the argument.  3. Please empty the trash can.,1. 盒子是空的。 2. 爭吵後他感到空虛。 3. 請清空垃圾桶。
encourage,v. 鼓勵  ,中級, My parents always encourage me to do my best,我父母總是鼓勵我盡力而為
encouragement,n. 鼓勵  ,中級, Thank you for your encouragement.,謝謝你的鼓勵。
ending,n. 結局  ,初級, The movie had a surprising ending.,電影結局令人驚訝。
entire,adj. 全部的，整個的  ,中級, He ate the entire cake by himself.,他自己把整個蛋糕吃光了。
environmental,adj. 環境的  ,中級, We must take environmental problems seriously.,我們必須認真對待環境問題。
escape,n./v. 逃跑；逃脫  ,中級, 1. The prisoner tried to escape from jail.  2. Their only escape was through the window.,1. 被告試圖越獄。 2. 他們唯一的逃生方式是從窗戶逃出去。
essay,n. 文章；散文；論文  ,中級, I wrote an essay about my summer vacation.,我寫了一篇關於我的暑假的文章。
exact,adj. 精確的 v. 強求，勒索  ,中級, 1. I need the exact time of the meeting.  2. The kidnappers exacted a large ransom.,1. 我需要會議的確切時間。 2. 綁匪索要了高額贖金。
examination/exam,n. 考試  ,初級, The students are preparing for their final examination.,學生們正在準備期末考試。
examine,v. 檢查；調查；考試  ,中級, 1. The doctor examined the patient carefully.  2. We need to examine the evidence before making a decision.  3. The teacher will examine the students next week.,1. 醫生仔細檢查病人。 2. 我們需要在做決定前審查證據。 3. 老師將於下週考核學生。
excitement,n. 興奮；激動；刺激  ,中級, 1. The children showed great excitement on Christmas morning.  2. There was a lot of excitement before the big game.,1. 孩子們在聖誕節早晨表現出極大的興奮。 2. 大賽前氣氛非常熱烈。
existence,n. 存在  ,高級, The existence of life on other planets is still unknown.,其他行星上的生命存在仍然未知。
expense,n. 費用；經費；代價  ,中級, The trip was cancelled because of the high expense.,由於費用過高，該行程被取消。
expert,n. 專家 adj. 有經驗的；專業的  ,中級, 1. She is an expert in computer science.  2. He gave an expert analysis of the situation.,1. 她是電腦科學專家。 2. 他對情況進行了專業分析。
expression,n. 表情；表示  ,中級, 1. Her facial expression showed surprise.  2. This painting is an expression of the artist's feelings.,1. 她的表情顯示驚訝。 2. 這幅畫是藝術家情感的表達。
eyebrow/brow,n. 眉毛,初級,She raised her eyebrows in surprise.,她驚訝地揚起眉毛。
factor,n. 因素；代理人；因數  ,中級," 1. Weather is an important factor in deciding the event date.  2. In math, a factor is a number that divides another number evenly.",1. 天氣是決定活動日期的重要因素。 2. 在數學中，因子是指將另一個數字整除的數字。
failure,n. 失敗  ,中級," Despite his failure, he never gave up.",儘管失敗了，他從未放棄。
fashion,n. 流行樣式；時尚 v. 製作；把...塑造成  ,中級, 1. The dress was made in the fashion of the 1920s.  2. She loves keeping up with the latest fashion trends.  3. The artist fashioned a sculpture out of clay.,1. 這件洋裝是依照1920年代的時尚製作。 2. 她熱愛緊跟最新的時尚潮流。 3. 藝術家用黏土製作了一座雕塑。
fate,n. 命運  ,中級, Some people believe that fate determines everything in life.,有些人相信命運決定了人生的一切。
favor,n. 幫忙；贊成；偏袒 v. 支持；贊同；偏袒  ,中級, 1. Can you do me a favor and help me with this?  2. She showed favor to the new employee.  3. The teacher favored students who participated actively.,1. 你能幫我一個忙，幫我處理一下嗎？ 2. 她對新員工表現出好意。 3. 老師偏愛積極參與的學生。
feature,n. 特徵，特色 v. 以...為特色  ,中級, 1. The smartphone has many useful features.  2. The festival features local artists and musicians.,1. 智慧型手機擁有許多實用功能。 2. 音樂節邀請本地藝術家與音樂家參與。
fellow,n. 夥伴；學術會員  ,中級, He seems like a nice fellow.,他看起來是個不錯的人。
female,adj. 女性的 n. 女性  ,初級, 1. She was the first female president of the country.  2. The doctor is a female.,1. 她是該國首位女性總統。 2. 醫生是女性。
field,n. 田野，原野；領域；欄位  ,中級, 1. The cows are grazing in the field.  2. She is an expert in the field of medicine.,1. 牛群在田裡吃草。 2. 她是醫學領域的專家。
figure,n. 體型，外型；人物(尤指知名人物)；數字；圖表 v. 估計；描繪  ,中級, 1. She has a slim figure.  2. He is a well-known figure in the music industry.  3. Can you read this figure?  4. Look at figure 2 in the textbook.  5. I figure he’ll be late again.,1. 她身材苗條。 2. 他是音樂界知名人物。 3. 你能看懂這個數字嗎？ 4. 看看教科書中的圖2。 5. 我猜他又會遲到。
fireman/firewoman,n. 消防員,初級,The fireman rescued the child from the burning house.,消防員從燃燒的房子中救出了孩子。
firm,n. 商行；公司 adj. 穩固的 v. 使牢固 adv. 牢固地  ,中級, 1. He works for a law firm.  2. The ground was firm under our feet.  3. We need to firm up the plan before presenting it.,1. 他在一家律師事務所工作。 2. 腳下的土地很堅實。 3. 我們需要在提出前先確定計畫。
flat,adj. 平坦的 adv. 平坦地；仰臥地 n. 平坦部分  ,初級, 1. The road is flat and easy to walk on.,1. 道路平坦且易於行走。
flow,n./v. 流動  ,中級, 1. The flow of water was very strong.   2. The river flows into the sea.,1. 水流非常強勁。  2. 河流流入大海。
folk,n. 眾人；民謠 adj. 民間的；傳統的 ,中級, 1. Some folks prefer the countryside to the city.  2. She enjoys listening to folk from Ireland.  3. He’s a collector of folk art.,1. 有些人偏好鄉村勝過城市。 2. 她喜歡聆聽來自愛爾蘭的民謠。 3. 他是民間藝術收藏家。
following,adj. 接著的；下列的 prep. 在...以後 n. 追隨者；下列人事物  ,中級," 1. Please read the following instructions carefully.  2. Following the meeting, we had lunch together.  3. The singer has a huge following on social media.",1. 請仔細閱讀以下指示。 2. 會議結束後，我們一起吃了午餐。 3. 這位歌手在社群媒體上擁有龐大的粉絲群。
force,n. 力量 v. 強迫  ,中級, 1. The force of the wind broke the window.  2. They forced him to apologize.,1. 風力打破了窗戶。 2. 他們逼他道歉。
forth,adv. 向前  ,高級, She stepped forth to speak.,她走上前準備說話。
forward/forwards,adv. 向前；向將來 adj. 前方的；向前的；未來的；冒失的 v. 轉寄(郵件)   ,初級, 1. Please move forward in the line  2. The forward part of the ship was damaged.  3. She is very forward in speaking her mind.  4. I will forward your email to the manager.,1. 請在隊伍中往前走 2.船首受損。 3. 她非常直率地表達自己的想法。 4. 我會把你的電子郵件轉寄給經理。
found,v. 創立  ,中級, They founded a new company last year,他們去年創立了一家新公司
fries,n. 炸薯條,初級,I ordered a burger with fries.,我點了一個漢堡配薯條。
function,n. 功能 v. 運轉；起作用  ,中級, 1. The function of the heart is to pump blood.  2. The machine is functioning properly.,1. 心臟的功能是泵血。 2. 機器運作正常。
further,adv. 更進一步地；更遠地 adj. 更遠的；進一步的 v. 促進  ,中級, 1. The investigation will continue further next week.  2. We need further information before making a decision.  3. She worked hard to further her career.,1. 調查將於下週繼續進行。 2. 我們需要更多資訊才能做決定。 3. 她努力工作以推動自己的事業。
gardener,n. 園丁；花匠  ,初級, The gardener waters the flowers every morning.,園丁每天早上都會澆花。
garlic,n. 大蒜,初級,I like pasta with garlic and olive oil.,我喜歡用大蒜和橄欖油做義大利麵。
giraffe,n. 長頸鹿,初級,The giraffe has a very long neck.,長頸鹿的脖子非常長。
govern,v. 統治；治理  ,中級, The country is governed by a democratically elected president.,國家由民主選舉產生的總統治理。
gradual,adj. 逐漸的；平緩的  ,中級, There has been a gradual improvement in his health.,他的健康狀況逐漸好轉。
grain,n. 穀物  ,中級, 1. The farmer harvested tons of grain this year.,1. 農民今年收割了大量穀物。
grand,adj. 雄偉的；重大的；極好的  ,中級, 1. They held a grand ceremony to celebrate the opening of the new museum.  2. She has grand dreams of becoming a famous actress.  3. That was a grand vacation!,1. 他們舉行盛大儀式慶祝新博物館開幕。 2. 她有成為著名女演員的宏大夢想。 3. 那真是個盛大的假期！
growth,n. 生長；發育；成長  ,中級, 1. A healthy diet is important for a child’s growth.  2. The company has seen rapid growth in recent years,1. 健康的飲食對孩子的成長非常重要。 2. 公司近年來快速成長
gymnasium/gym,n. 體育館,初級,The students are playing basketball in the gymnasium.,學生們正在體育館打籃球。
hamburger/burger,n. 漢堡,初級,I ate a hamburger for lunch.,我午餐吃了漢堡。
heaven,n. 天國；極樂之地，天堂；天空，天際  ,初級, 1. She believes her grandmother is in heaven.  2. This beach is like heaven.  3. The heavens opened and it began to pour.,1. 她相信祖母在天堂。 2. 這片海灘就像天堂。 3. 天空大開，開始傾盆大雨。
hero/heroine,n. 英雄；女英雄,初級,He is considered a hero for saving the child.,他因救了孩子而被視為英雄。
highly,adv. 非常；很；高地  ,中級, 1. She is a highly intelligent woman.  2. This is a highly sensitive issue.,1. 她是一位非常聰明的女性。 2. 這是一個高度敏感的議題。
hike,n. 健行 v. 遠足；(價格等)上升  ,初級, 1. We went for a 10-kilometer hike.  2. We hiked in the mountains last weekend.  3. The government plans to hike fuel prices.,1. 我們去健行了10公里。 2. 我們上週末去山裡健行。 3. 政府計劃調漲燃料價格。
hippopotamus/hippo,n. 河馬,初級,We saw a hippo at the zoo.,我們在動物園看到河馬。
historical,adj. 歷史的  ,中級, This book is about historical events in ancient China.,這本書講述的是古代中國的歷史事件。
host/hostess,n. 主人；主持人；主辦人 v. 主持；主辦  ,中級, 1. He was a generous host at the party.  2. Taiwan will host the international conference next year.,1. 他在派對上是個慷慨的主人。 2. 台灣將於明年主辦國際會議。
huge,adj. 巨大的；龐大的  ,初級, 1. They live in a huge house near the beach.  2. There was a huge crowd at the concert.,1. 他們住在靠近海灘的一棟大房子裡。 2. 演唱會現場有大量觀眾。
ideal,adj. 理想的 n. 理想；典範  ,中級, 1. This is the ideal place for a vacation.  2. He strives to live up to his ideals.,1. 這是度假的理想地點。 2. 他努力實踐自己的理想。
identity,n. 身分；獨特性；認同感  ,中級, 1. He showed his identity card to the officer.  2. Cultural identity is important to many people.  3. She struggles with her identity as an artist.,1. 他向警官出示了身份證。 2. 文化認同對許多人來說很重要。 3. 她掙扎於作為藝術家的身份認同。
image,n. 影像；形象 v. 影像化，描繪；反映 ,中級, 1. The image on the screen was very clear.  2. The company is trying to improve its public image.  3. The artist imaged the scene beautifully in his painting.,1. 螢幕上的影像非常清晰。 2. 公司正努力改善其公眾形象。 3. 藝術家在畫作中將場景描繪得非常美麗。
impressive,adj. 令人印象深刻的  ,中級, The singer gave an impressive performance last night.,這位歌手昨晚的表演令人印象深刻。
improvement,n. 改善  ,中級, There has been a significant improvement in her health.,她的健康狀況有了顯著改善。
indeed,adv. 的確  ,中級," 1. She is indeed very talented.  2. Indeed, it was the best day of my life.",1. 她確實非常有才華。 2. 的確，那是我人生中最美好的一天。
independence,n. 獨立  ,中級, The country declared its independence in 1945.,該國於1945年宣布獨立。
individual,adj. 個人的，獨特的 n. 個人  ,中級, 1. Each student has individual needs.  2. Every individual is responsible for their actions.,1. 每位學生都有其獨特需求。 2. 每個人都對自己的行為負責。
industry,n. 工業  ,中級, The technology industry is growing rapidly.,科技產業正在快速成長。
instance,n. 例子  ,中級, This is a good instance of teamwork.,這是團隊合作的好例子。
instead,adv. 反而；代替  ,初級," 1. I didn’t go to the party. Instead, I stayed home and read a book.  2. Use oil instead of butter in this recipe.",1. 我沒去派對。相反地，我待在家裡讀書。 2. 這個食譜用油代替奶油。
instruction,n. 教導；指示  ,中級, 1. The teacher gave clear instructions to the students.  2. Please read the instructions carefully before using the machine.  3. The judge issued instructions to the jury.,1. 老師給學生明確指示。 2. 使用機器前請仔細閱讀說明。 3. 法官向陪審團發出指示。
internal,adj. 內部的；內在的；體內的  ,中級, 1. The company is facing some internal problems.  2. She has an internal struggle about her decision.  3. He suffered internal injuries in the accident.,1. 公司面臨一些內部問題。 2. 她內心掙扎著自己的決定。 3. 他在事故中受了內傷。
internet,n. 網際網路,初級,The internet helps us find information quickly.,網路幫助我們快速找到資訊。
introduction,n. 介紹；引言；引進；入門  ,中級, 1. et me give you an introduction to our new team member.  2. The introduction of the book explains the main topics.  3. The introduction of new technology improved productivity.  4. This is an introduction to programming course.,1. 讓我介紹一下我們的新團隊成員。 2. 書籍導言說明主要主題。 3. 新技術的引入提升了生產力。 4. 這是一門程式設計入門課程。
jog,v. 慢跑；輕撞 n. 輕推；慢跑  ,初級, 1. I jog every morning to keep fit.  2. She jogged my memory about the meeting.  3. Going for a jog in the park is relaxing.,1. 我每天早上慢跑來保持健康。 2. 她喚起了我對那次會面的記憶。 3. 去公園慢跑很放鬆。
joint,adj. 共同的；接頭的；連接的 n. 關節  ,中級, 1. They made a joint decision to start a business.  2. My knee joint hurts after running.,1. 他們共同決定創業。 2. 跑步後膝蓋關節會痛。
journal,n. 雜誌；期刊,中級,The research was published in a scientific journal.,這項研究發表在科學期刊上。
judgement/judgment,n. 判斷，判斷力；判決；看法  ,高級," 1. She showed good judgment in handling the problem.  2. The court’s judgment was in favor of the defendant.  3. In my judgment, this is the best option.",1. 她在處理問題時展現了良好的判斷力。 2. 法院判決支持被告。 3. 依我判斷，這是最好的選擇。
justice,n. 公平；正義；司法；審判  ,高級, 1. Everyone deserves justice regardless of their background.  2. The justice system is designed to protect citizens’ rights.  3. The judge delivered justice in the courtroom.,1. 無論背景如何，每個人都值得獲得正義。 2. 司法系統旨在保護公民權利。 3. 法官在法庭上宣判了正義。
keeper,n. 管理者；看守人  ,初級, 1. The zoo keeper takes care of the animals.  2. He is the keeper of the old manuscripts.,1. 動物園管理員照顧動物。 2. 他是古老手稿的保管人。
ladybug,n. 瓢蟲,初級,Children like to catch ladybugs in the garden.,孩子們喜歡在花園裡抓瓢蟲。
lane,n. 車道；小路，巷弄  ,初級, 1. Stay in your lane while driving.  2. They live in a quiet lane behind the main street.,1. 開車時保持在車道內。 2. 他們住在主街後方一條安靜的小巷。
lap,n. 大腿部（坐著時大腿上方平坦部分）；（賽跑、游泳等的）一圈 v. 舔；（水等）輕拍，輕輕拍打；（比賽中）超過（對手）  ,初級, 1. She placed the baby on her lap.  2. He completed the first lap of the race quickly.  3. The dog lapped the water from the bowl.  4. The waves lapped against the shore gently.  5. The runner lapped his opponent twice before the finish.,1. 她把嬰兒放在腿上。 2. 他迅速完成了比賽的第一圈。 3. 狗從碗裡舔水。 4. 海浪輕輕拍打著岸邊。 5. 跑者在終點前繞圈兩次。
leadership,n. 指揮；統率力，領導能力；領導階級  ,高級, 1. Good leadership is essential for a successful team.  2. She took on a leadership role in the company.,1. 良好的領導力是成功團隊的關鍵。 2. 她在公司擔任領導角色。
legal,adj. 法律上的；合法的  ,高級, 1. They are seeking legal advice from a lawyer.  2. Smoking is legal only in designated areas.,1. 他們正在尋求律師的法律建議。 2. 吸菸僅在指定區域內合法。
length,n. 長度；期間  ,初級, 1. The length of the table is two meters.  2. The movie’s length is about two hours.,1. 桌子長度為兩公尺。 2. 電影長度約兩小時。
lens,n. 鏡片；透鏡  ,中級, I need to clean the camera lens before taking pictures.,我需要在拍照前清潔相機鏡頭。
liberal,adj. 開明的，開放的，心胸寬闊的 n. 自由主義者  ,高級, 1. She has a liberal attitude towards education.  2. The government adopted liberal policies to encourage growth.  3. He is very liberal with his time and money.  4. Many liberals advocate for social justice.,1. 她對教育持開放態度。 2. 政府採取自由政策以促進成長。 3. 他對時間和金錢非常慷慨。 4. 許多自由派倡導社會正義。
listener,n. 聽眾,初級,A good listener makes people feel comfortable.,一個好的傾聽者會讓人感到自在。
liver,n. 肝臟；居住者  ,初級, The liver helps to detoxify the blood.,肝臟有助於排毒血液。
load,n. 裝載；負擔 v. 裝載  ,中級, 1. The truck carried a heavy load of bricks.  2. I have a lot of work load this week.  3. They loaded the boxes onto the truck.,1. 卡車載有大量磚塊。 2. 我這週工作量很大。 3. 他們把箱子裝上卡車。
lone,adj. 孤單的  ,中級, She made a lone decision to travel abroad.,她孤身一人決定出國旅行。
loss,n. 喪失；遺失；損失  ,中級, 1. He is still grieving the loss of his father.  2. The company suffered a loss of profits last year.,1. 他仍在哀悼父親的逝世。 2. 公司去年虧損。
lower,adj. 較低的，下面的 v. 放下；放低；減低 n.較低的部分   ,初級, 1. The lower shelf is for books.  2. Please lower your voice.  3. The company decided to lower prices to attract customers.  4. The lower of the two drawers is stuck.,1. 下層書架是放書的。 2. 請壓低音量。 3. 公司決定降低價格以吸引顧客。 4. 兩個抽屜中較低的那個卡住了。
luck,n. 運氣；幸運  ,初級, 1. Sometimes luck plays a big role in success.  2. He had the luck to find a job quickly.,1. 有時運氣在成功中扮演重要角色。 2. 他很幸運很快就找到工作。
maintain,v. 保持；保養；主張，堅持  ,中級, 1. It’s important to maintain a healthy lifestyle.  2. The company maintains its equipment regularly.  3. She maintains that she was not at the scene.,1. 維持健康的生活方式很重要。 2. 公司定期維護其設備。 3. 她堅稱自己不在現場。
manage,v.管理，經營；處理，應付  ,中級, 1. She manages a team of 10 employees.  2. He managed to finish the project on time.  3. Can you manage without help?,1. 她管理著一個由10名員工組成的團隊。 2. 他成功按時完成了這個專案。 3. 你能在沒有幫助的情況下應付嗎？
management,n. 管理；管理階層；處理  ,中級, 1. Good management is key to a successful business.  2. The management decided to increase salaries.  3. Time management is important for students.,1. 良好的管理是成功企業的關鍵。 2. 管理層決定提高薪資。 3. 時間管理對學生很重要。
marriage,n. 結婚  ,初級, Their marriage lasted for 20 years.,他們的婚姻持續了20年。
mate,n. 同伴，伴侶 v. 交配；配對  ,初級, 1. He’s my best mate since childhood.  2. The bird found its mate during the spring.  3. The animals mate in the spring.,1. 他是我從小最好的朋友。 2. 鳥兒在春天找到了配偶。 3. 動物在春天交配。
material,n. 材料 adj. 實質的；重要的  ,中級, 1. The dress is made of high-quality material.  2. The material evidence was crucial to the case.,1. 禮服採用高品質材質製成。 2. 物證對本案至關重要。
mature,adj. 成熟的 v. 成熟，長大；（保險、債券）到期  ,中級, 1. She is very mature for her age.  2. These fruits take a few days to mature.  3. The investment will mature in five years.,1. 她年紀大得非常成熟。 2. 這些果實需要幾天才能成熟。 3. 投資將於五年內到期。
means,n. 手段；方法  ,中級, 1. Education is a means to success.  2. We must find a means of communication.,1. 教育是通往成功的手段。 2. 我們必須找到溝通的方式。
measurement,n. 測量；測量值，尺寸  ,中級, 1. Accurate measurement is essential in science.  2. Her waist measurement is 65 centimeters.  3. Take the room’s measurements before buying furniture.,1. 精確的測量在科學中至關重要。 2. 她的腰圍是65公分。 3. 購買家具前先量好房間尺寸。
medical,adj. 醫學的，醫療的，醫用的  ,中級, She needs medical attention right away.,她需要立刻醫療救助。
melody,n. 旋律  ,中級, This song has a beautiful melody.,這首歌旋律優美。
membership,n. 會員資格  ,中級, She applied for membership in the gym.,她申請了健身房會員資格。
mention,v. 提及；說起 n. 提及；說起  ,中級, 1. He didn’t mention anything about the party  2. Her name got a special mention in the speech.,1. 他沒提派對的事 2.她的名字在演講中獲得特別提及。
military,adj. 軍隊的 n. 軍隊  ,中級, 1. They took military action against the rebels.  2. The military is preparing for a possible attack.,1. 他們對叛軍採取軍事行動。 2. 軍方正在準備可能的攻擊。
minority,n. 少數  ,高級, The minority of students preferred online classes over in-person ones.,少數學生偏好線上課程勝過實體課程。
mixture,n. 混合物  ,中級," The cake batter is a mixture of flour, eggs, and sugar.",蛋糕麵糊是由麵粉、雞蛋和糖混合而成。
mood,n. 情緒；心境  ,初級, She’s in a good mood today because she got the job.,她今天心情很好，因為她得到了這份工作。
mug,n. 杯子,初級,She bought a cute mug with a cat on it.,她買了一個有貓咪圖案的可愛馬克杯。
musical,adj. 音樂的 n. 歌舞劇；音樂片  ,初級, 1. She has a very musical voice.  2. We went to see a famous musical last night.,1. 她的聲音非常有音樂感。 2. 我們昨晚去看了一場著名的音樂劇。
nearby,adj. 附近的 adv. 在附近  ,初級," 1. There is a nearby supermarket where we can buy groceries.  2. She lives nearby, so we often meet for coffee.",1. 附近有一家超市，我們可以在那裡買菜。 2. 她住附近，所以我們常常一起喝咖啡。
nerve,n. 神經；勇氣，膽量  ,中級, 1. The doctor explained how the nerves transmit signals to the brain.  2. It took a lot of nerve for him to speak up in the meeting.,1. 醫生解釋神經如何向大腦傳遞訊號。 2. 他在會議上敢發言，真是有很大勇氣。
network,n. 網狀系統；電腦網路 v. 建立人脈；用網覆蓋  ,中級, 1. The internet is a global network connecting millions of computers.  2. She attends conferences regularly to network with professionals in her field.,1. 網際網路是一個連結數百萬台電腦的全球網路。 2. 她定期參加會議，與該領域專業人士建立聯繫。
northern,adj. 北方的  ,初級, They traveled through the northern part of the country.,他們穿越了國家的北部地區。
obvious,adj. 明顯的  ,中級, It’s obvious that she’s upset about something.,很明顯她心裡有事。
occur,v. 發生，出現；(想法)浮現  ,中級, 1. The accident occurred late last night.  2. It didn’t occur to me that she might be lying.,1. 事故發生在昨晚很晚。 2. 我沒想到她可能在說謊。
official,adj. 官方的；正式的 n. 官員；公務員  ,中級, 1. The official statement was released this morning.  2. A government official visited the disaster area yesterday.,1. 官方聲明於今晨發布。 2. 一名政府官員昨天前往災區。
operate,v. 營運；操作  ,中級, 1. The company operates in over 20 countries.  2. He knows how to operate heavy machinery.,1. 公司業務遍及20多個國家。 2. 他懂得操作重型機械。
operator,n. 操作者；接線生；經營者  ,中級, 1. The machine stopped working because the operator made a mistake.  2. She worked as a telephone operator in the 1980s.  3. The tour operator arranged everything for our trip.,1. 機器因操作員失誤而停止運作。 2. 她在1980年代擔任電話接線員。 3. 旅行社幫我們安排了所有行程。
organ,n. 器官；機構；風琴  ,中級, 1. The heart is a vital organ in the human body.  2. She plays the organ at church every Sunday.  3. The newspaper is considered the official organ of the party.,1. 心臟是人體中重要的器官。 2. 她每週日在教會彈風琴。 3. 該報被視為黨的官方機關報。
organization,n. 組織，團體；安排，籌劃  ,中級, 1. He works for an international organization that helps refugees.  2. The success of the event was due to excellent organization.,1. 他在一個幫助難民的國際組織工作。 2. 活動的成功歸功於優秀的組織。
origin,n. 起源，由來；出身  ,中級, 1. The origin of the custom is unclear.  2. She is a writer of French origin.,1. 此習俗的起源尚不明確。 2. 她是一位法國裔作家。
painting,n. 圖畫  ,初級, That painting was created by a famous Italian artist.,那幅畫是由一位著名的義大利藝術家創作的。
participate,v. 參與  ,中級, Many students participated in the school sports day.,許多學生參加了學校運動會。
particular,adj. 獨特的，特別的；挑剔的 n. 細節；事項  ,中級, 1. I’m looking for a particular book about history.  2. He’s very particular about his food.  3. Can you give me more particulars about the event?,1. 我在找一本關於歷史的書。 2. 他對食物非常講究。 3. 你能提供更多關於事件的細節嗎？
password,n. 密碼,初級,Please enter your password to log in.,請輸入您的密碼以登入。
peak,n. 山頂，頂峰；最高點 v. 達到高峰；聳起  ,中級, 1. We reached the peak of the mountain after five hours of hiking.  2. Sales peaked last December during the holiday season.  3. The athlete is in peak condition for the competition.,1. 我們徒步五小時後抵達山頂。 2. 銷售額在去年十二月假日期間達到高峰。 3. 運動員在比賽中處於最佳狀態。
per,prep. 每，每一；經過，透過  ,中級, The speed limit is 60 miles per hour.,速限為每小時60英里。
personality,n. 個性，性格；人格  ,中級, 1. She has a cheerful personality that makes everyone like her.  2. Your personality plays a big role in how you interact with others.,1. 她個性開朗，讓每個人都喜歡她。 2. 你的個性在你與他人互動中扮演重要角色。
phrase,n. 片語 v. 用言語表達；用詞  ,中級, 1. “Break a leg” is a common phrase used to wish someone good luck.  2. The speaker carefully phrased his argument to avoid offending anyone.,1. 「祝你好運」是常用來祝福某人好運的短語。 2. 發言者謹慎措辭，避免冒犯任何人。
poet,n. 詩人,中級,Shakespeare is one of the most famous poets.,莎士比亞是最著名的詩人之一。
poetry,n. 詩  ,中級, She enjoys reading poetry in her free time.,她喜歡在空閒時間閱讀詩歌。
policeman/cop,n. 警察,初級,The policeman helped the lost child.,警察幫助了走失的孩子。
policy,n. 政策，方針  ,高級, The company has a strict policy on internet usage.,公司對網路使用有嚴格的政策。
port,n. 港口；左舷 v.轉運，搬運(電腦程式等移植)   ,中級, 1. The ship arrived safely at the port last night.  2. The developers ported the game from PC to mobile devices.,1. 船昨晚安全抵達港口。 2. 開發者將遊戲從 PC 移植到行動裝置。
pose,v. 擺姿勢；提出 n. 姿勢  ,中級, 1. The model posed for the photographer in front of the sunset.  2. The new law poses a challenge to small businesses.  3. She held a graceful pose during the dance performance.,1. 模特兒在夕陽前為攝影師擺姿勢。 2. 新法對小型企業構成挑戰。 3. 她在舞蹈表演中保持優雅的姿勢。
possibility,n. 可能性，機會  ,中級, There is a possibility of rain tomorrow.,明天可能會下雨。
post,n. 崗位，職位；郵局 v. 郵寄；貼出，發布；分發 adv. 後面  ,中級, 1. He was assigned to a new post in the marketing department.  2. She sent the letter by post yesterday.  3. They posted the job advertisement online.,1. 他被調往行銷部門的新職位。 2. 她昨天用郵寄寄出了信。 3. 他們把職缺廣告貼在網路上。
powerful,adj. 強健的；強而有力的；有影響力的  ,中級, 1. The president is one of the most powerful people in the country.  2. She gave a powerful speech that inspired everyone.,1. 總統是國內最有權勢的人之一。 2. 她發表了一場激勵所有人的強而有力的演說。
prayer,n. 祈禱，禱告  ,初級, She said a prayer for her family’s health and happiness.,她為家人的健康與幸福祈禱。
prefer,v. 較喜歡，偏好，寧願選擇  ,初級, I prefer tea to coffee in the morning.,我早上比較喜歡喝茶勝過咖啡。
press,v. 壓；催促，逼迫 n. 報刊；新聞界   ,中級, 1. Please press the button to start the machine.  2. The manager pressed him to finish the report by Friday.  3. The reporter works for the local press.,1. 請按下按鈕啟動機器。 2. 經理催促他週五前完成報告。 3. 記者為當地報社工作。
pride,n. 自豪，得意 v. 以...為榮  ,中級, 1. She takes great pride in her work.  2. He prides himself on being punctual.,1. 她對自己的工作非常自豪。 2. 他以準時為傲。
prince/princess,n. 王子/公主,初級,The prince lives in a large castle.,王子住在一座大型城堡裡。
prison,n. 監獄  ,中級, He was sent to prison for five years.,他被判入獄五年。
prisoner,n. 囚犯  ,中級, The prisoner was released after serving ten years.,該囚犯服刑十年後獲釋。
proper,adj. 適合的；正確的  ,中級, 1. Please wear proper clothes to the interview.  2. It’s important to use proper grammar when writing.,1. 請穿著合適的服裝參加面試。 2. 寫作時使用正確的文法很重要。
propose,v. 提議，建議；求婚  ,中級, 1. He proposed a new plan to improve the company’s sales.  2. He nervously proposed to his girlfriend last night.,1. 他提出了一項提升公司銷售的新計畫。 2. 他昨晚緊張地向女友求婚。
protective,adj. 保護的  ,中級, Parents often have a protective attitude toward their children.,父母常常對孩子抱有保護的態度。
prove,v. 證明  ,中級, The scientist proved his theory with multiple experiments.,科學家透過多次實驗證明了他的理論。
pudding,n. 布丁,初級,I had chocolate pudding for dessert.,我吃了巧克力布丁當甜點。
punishment,n. 處罰  ,中級, The teacher gave him a punishment for being late.,老師因為他遲到而給了他懲罰。
pupil,n. 小學生  ,初級, 1. The teacher praised the pupils for their hard work.,1. 老師讚揚學生們的努力。
quality,n. 品質 agj. 優質的  ,中級, 1. The quality of this fabric is excellent.  2. They sell quality products at reasonable prices.,1. 這種布料的品質非常優秀。 2. 他們以合理的價格販售高品質產品。
quantity,n. 數量  ,中級, The factory produces large quantities of shoes every month.,工廠每月生產大量鞋子。
railroad/railway,n. 鐵路  ,中級, The railroad connects the city to the countryside.,鐵路連接城市與鄉村。
range,n. 種類；分布區 v. 排列；變動  ,中級, 1. The price range for these products is quite wide.  2. The mountains form a beautiful range along the coast.  3. The temperature can range from 10 to 30 degrees Celsius.,1. 這些產品的價格範圍相當廣泛。 2. 山脈沿著海岸形成一條美麗的山脈。 3. 溫度範圍可介於10至30攝氏度。
rapid,adj. 快的  ,中級, The river’s rapid flow made it dangerous to swim.,河流湍急，游泳變得危險。
reality,n. 真實性  ,中級, Sometimes reality is different from what we expect.,有時候現實會和我們預期的不一樣。
recent,adj. 最近的  ,初級, The recent news about the project was very encouraging.,最近關於這個計畫的消息非常令人振奮。
refrigerator/fridge,n. 冰箱,初級,Please store the food in the refrigerator.,請將食物放入冰箱保存。
regard,n. 注重，關心 v.認為，看待；關心，注重  ,中級, 1. She has a lot of regard for her teachers.  2. Many people regard her as a talented artist.  3. He regards his health as very important.,1. 她非常尊重老師們。 2. 許多人認為她是一位有才華的藝術家。 3. 他非常重視自己的健康。
region,n. 地區  ,中級, This region is known for its beautiful landscapes.,這個地區以其美麗的自然景觀聞名。
relate,v. 敘述；有關  ,中級, 1. She related the events of the accident to the police.  2. This story relates to the history of the city.,1. 她向警方陳述了事故經過。 2. 這個故事與這座城市的歷史有關。
relation,n. 關係  ,中級, The relation between the two countries has improved recently.,兩國關係近期有所改善。
religion,n. 宗教信仰；宗教  ,中級, 1. Freedom of religion is a basic human right.  2. Buddhism is one of the major religions in Asia.,1. 宗教自由是一項基本人權。 2. 佛教是亞洲主要宗教之一。
remove,v. 去除，移除  ,中級, 1. Please remove your shoes before entering the house.  2. The stain was hard to remove from the fabric.,1. 請在進屋前脫鞋。 2. 污漬很難從布料上去除。
reply,n./v. 答覆，回覆  ,初級, 1. His reply to the question was very clear.  2. She didn’t reply to my message.,1. 他對問題的回答非常明確。 2. 她沒有回覆我的訊息。
require,v. 需求；要求  ,中級, 1. This job requires a lot of patience and attention to detail.  2. The school requires students to wear uniforms.,1. 這份工作需要非常的耐心和細心。 2. 學校要求學生穿制服。
requirement,n. 需求；必要條件；規定  ,中級, 1. Good communication skills are a requirement for this position.  2. The project meets all the safety requirements.,1. 良好的溝通能力是此職位的必要條件。 2. 專案符合所有安全要求。
respond,v. 回答，回應；做出反應  ,中級, 1. She didn’t respond to my email until two days later.  2. The company quickly responded to customer complaints.,1. 她直到兩天後才回覆我的電子郵件。 2. 公司迅速回應了顧客的投訴。
riches,n. 財富，財產；豐富的資源  ,高級, 1. He left his homeland in search of fame and riches.  2. The country is known for the natural riches of its forests and rivers.,1. 他離開故鄉，尋求名聲與財富。 2. 該國以其森林與河流的自然資源聞名。
rocky,adj. 多岩石的；不穩定的，搖晃的  ,初級, 1. We hiked along a rocky path by the sea.  2. Their relationship had a rocky start but improved over time.,1. 我們沿著海邊一條岩石小徑健行。 2. 他們的關係起初波折，但隨著時間有所改善。
rooster,n. 公雞,初級,The rooster crowed at sunrise.,公雞在日出時啼叫。
royal,adj. 王室的；皇家的 n. 王室成員  ,中級, 1. The royal family attended the ceremony.  2. She received a royal welcome when she arrived.,1. 皇室成員出席了儀式。 2. 她抵達時受到皇室的熱烈歡迎。
rubber,n. 橡膠；橡皮擦(英式用法) adj. 橡膠製的  ,初級," 1. The tires are made of strong rubber.  2. In the UK, “rubber” means an eraser used for pencils.  3. She wore rubber boots to walk in the rain.",1. 輪胎由強韌橡膠製成。 2. 在英國，「rubber」指的是用於鉛筆的橡皮擦。 3. 她穿著橡膠靴在雨中行走。
runner,n. 跑者  ,初級, He is a professional runner who competes internationally.,他是一位職業跑者，並參加國際賽事。
salesperson/salesman,n. 銷售人員  ,初級, The salesperson helped me choose the right laptop.,業務員幫我挑選了合適的筆電。
saleswoman,n. 女店員  ,初級, The saleswoman helped me choose the right laptop.,業務員幫我挑選了合適的筆電。
salty,adj. 有鹽分的；鹹的  ,初級, 1. The ocean air tastes salty.  2. The soup is too salty; it needs more water.,1. 海風帶著鹹味。 2. 湯太鹹;它需要更多水。
saw,v. 鋸；鋸開 n. 鋸子  ,初級, He used a saw to cut the wooden board.,他用鋸子切割木板。
scare,v. 使害怕；恐嚇 n. 驚恐，恐慌；驚嚇  ,初級, 1. The loud noise scared the children.  2. There was a scare about a possible power outage last night.,1. 那大聲響嚇到了孩子們。 2. 昨晚有人擔心可能停電。
schedule,n. 時間表；課程表 v. 安排；列入計畫  ,中級, 1.  My schedule is very busy this week.  2. We scheduled the meeting for next Monday.,1. 我這週行程非常忙碌。 2. 我們安排了下週一的會議。
seek,v. 追求；尋覓，尋找；尋求  ,中級, 1. Many people seek happiness in their lives.  2. She is seeking advice from her mentor.,1. 許多人在生活中尋求幸福。 2. 她正在向她的導師尋求建議。
selection,n. 選擇  ,中級, The store offers a wide selection of books.,書店提供各式各樣的書籍選擇。
self,n. 自己 adj. 自己的，自我的  ,初級, 1. It’s important to take care of yourself.  2. She has a strong sense of self.,1. 照顧好自己很重要。 2. 她有強烈的自我意識。
sensitive,adj. 敏感的；易受影響的；體貼的  ,中級, 1. He is very sensitive to criticism.  2. This skin cream is for people with sensitive skin.  3. She is sensitive to other people's feelings.,1. 他對批評非常敏感。 2. 這款護膚霜是為敏感肌的人設計的。 3. 她對他人的感受很敏感。
separate,adj. 分開的；個別的，獨立的 v. 區分；使分離  ,中級, 1. They have separate bedrooms in the house.  2. Please separate the recyclable materials from the trash.,1. 他們在房子裡有獨立的臥室。 2. 請將可回收物與垃圾分開。
settle,v. 安頓；決定，解決  ,中級," 1. After traveling for years, she decided to settle in a small town.  2. They settled their differences through negotiation.",1. 經過多年旅行後，她決定定居於一個小鎮。 2. 他們透過談判解決了分歧。
settlement,n. 解決，和解；殖民地，定居點；結帳  ,高級, 1. The two parties reached a settlement out of court.  2. The early settlers established a settlement by the river.,1. 雙方庭外達成和解。 2. 早期定居者在河邊建立了聚落。
sex,n. 性別；性  ,初級, 1. Please indicate your sex on the form male or female.  2. Sex education is important for teenagers.,1. 請在表格上標明您的性別：男性或女性。 2. 性教育對青少年很重要。
shame,n. 羞恥；恥辱；可惜 v. 使感到羞恥  ,中級, 1. He felt deep shame after lying to his friends.  2. It’s a shame that we couldn’t attend the concert.  3. She tried to shame him into apologizing.,1. 他對朋友說謊後感到深深的羞愧。 2. 很可惜我們沒能去聽演唱會。 3. 她試圖羞辱他道歉。
shell,n. 殼，外殼；砲彈 v. 剝殼；砲擊  ,初級, 1. The crab has a hard shell for protection.  2. Soldiers found an unexploded shell on the battlefield.  3. She shelled the peanuts before eating them.,1. 螃蟹有堅硬的外殼作為保護。 2. 士兵在戰場上發現一枚未爆彈。 3. 她在吃花生前先剝殼。
shock,n./v. 衝擊；震驚  ,中級, 1. The earthquake caused a strong shock that damaged many buildings.  2. The news of his sudden death came as a shock to everyone.  3. The bad news shocked her deeply.,1. 地震造成強烈震盪，損壞了許多建築物。 2. 他突然去世的消息令所有人震驚。 3. 這個壞消息讓她震驚不已。
shot,n. 射擊；開槍；投籃  ,初級, 1. She shot the arrow straight into the target.  2. The hunter fired a single shot.  3. He made a three-point shot at the last second.,1. 她把箭射進了目標。 2. 獵人開了一槍。 3. 他在最後一刻投進三分球。
simply,adv. 簡單地；完全；僅僅，只不過  ,初級, 1. You can solve the problem simply by following the instructions.  2. I simply don’t understand what you mean.,1. 你可以簡單地按照指示解決問題。 2. 我真的不懂你的意思。
skilled,adj. 熟練的；有技能的  ,中級, 1. She is a skilled carpenter who can make beautiful furniture.  2. The job requires skilled workers with experience.,1. 她是一位技藝高超的木匠，能製作漂亮的家具。 2. 這份工作需要具備經驗的技術工人。
slip,n./v. 滑倒；滑行  ,初級, 1. Be careful not to slip on the wet floor.,1. 小心不要在濕滑的地板上滑倒。
slipper(s),n. 拖鞋  ,初級, She put on her slippers after coming home from work.,她下班回家後穿上拖鞋。
smooth,adj. 光滑的，平滑的；順利的 v. 使光滑；使平整  ,初級, 1. The table has a smooth surface.  2. The meeting went smoothly without any problems.  3. She smoothed the wrinkles out of the paper.,1. 桌面表面光滑。 2. 會議順利進行，沒有任何問題。 3. 她撫平紙上的皺摺。
sock(s),n. 短襪  ,初級, He bought new socks for the winter.,他買了新襪子過冬。
soft,adj. 柔軟的  ,初級, This pillow is very soft and comfortable.,這個枕頭非常柔軟且舒適。
soil,n. 土壤 v. 弄髒；玷汙  ,中級," 1. Plants grow best in rich, moist soil.  2. Be careful not to soil your clothes while painting.",1. 植物在肥沃且潮濕的土壤中生長最佳。 2. 上色時要小心不要弄髒衣服。
solution,n. 解答；解決方法；溶液  ,中級, 1. She finally found the correct solution to the math question.  2. We need a solution to this problem as soon as possible.  3. Saltwater is a solution of salt in water.,1. 她終於找到數學題的正確答案。 2. 我們需要盡快解決這個問題。 3. 鹽水是鹽與水中的溶液。
somewhat,adv. 有點，稍微，多少有些  ,中級, I was somewhat surprised by his reaction.,他的反應讓我有點驚訝。
sort,n. 種類 v. 分類  ,初級, 1. There are all sorts of people at the party.  2. I need to sort these papers before the meeting.,1. 派對上有各式各樣的人。 2. 我需要在會議前整理這些文件。
source,n. 來源  ,中級, The source of the river is high in the mountains.,河流源頭位於高山中。
southern,adj. 南方的  ,初級, He lives in the southern part of the country.,他居住在該國南部。
soybean,n. 大豆,初級,Soybeans are an important source of protein.,大豆是重要的蛋白質來源。
spelling,n. 拼字；拼寫  ,初級, Her spelling is excellent.,她的拼字非常準確。
sport,n. 運動 v. 炫耀；遊戲  ,初級, Soccer is a popular sport around the world.,足球是一項在全球都很受歡迎的運動。
stage,n. 階段；舞台 v. 上演；策劃  ,中級, 1. The project is in its final stage.  2. He performed on stage for the first time.  3. The theater group staged a new play last week.  4. The protest was staged by students.,1. 該計畫已進入最後階段。 2. 他首次登台表演。 3. 劇團上週上演了一齣新戲。 4. 抗議是由學生發起的。
standard,adj. 標準的 n. 標準  ,中級," 1. He drives a standard car, not a luxury one.  2. The company maintains high standards of quality.",1. 他開的是普通車，不是豪華車。 2. 公司維持高標準的品質。
statement,n. 陳述，聲明；對帳單  ,中級, 1. The politician made a public statement about the issue.  2. I checked my bank statement online yesterday.,1. 該政治人物就此事發表公開聲明。 2. 我昨天在網路上查了銀行對帳單。
steel,n. 鋼鐵 v. 鋼化；使堅強，鼓起勇氣  ,中級, 1. The bridge is made of strong steel.  2. She steeled herself before giving the speech.,1. 橋樑由堅固鋼材製成。 2. 她在發表演說前鼓起勇氣。
stick,v. 刺；黏住 n. 棒；枝條  ,初級, 1. The thorn stuck in his finger.  2. She stuck the note on the fridge with a magnet.  3. He found a long stick to use as a walking aid.,1. 刺卡在他手指上。 2. 她用磁鐵把紙條貼在冰箱上。 3. 他找到一根長棍子當作行走輔助。
stress,n. 壓力 v. 強調  ,中級, 1. Work-related stress can affect your health.  2. He stressed the need for honesty in his speech.,1. 工作壓力會影響你的健康。 2. 他在演講中強調誠實的重要性。
stretch,n. 伸展；延續 v. 伸縮  ,中級, 1. The road stretches for miles through the countryside.  2. She likes to stretch her muscles before exercising.,1. 這條道路綿延數英里穿越鄉間。 2. 她喜歡在運動前伸展肌肉。
strict,adj. 嚴格的  ,中級, The teacher is very strict about homework deadlines.,老師對作業截止日期非常嚴格。
struggle,n./v. 奮鬥；掙扎  ,中級,1. She struggled to finish her homework on time.  2. The fish struggled to get free from the net.  3. Life is a constant struggle for many people.,1. 她努力按時完成作業。 2. 魚掙扎著想掙脫網子。 3. 對許多人來說，生活是一場持續的掙扎。
subway(美式)/underground(英式),n. 地鐵  ,初級, 1. I take the subway to work every day.  2. The underground system in London is very extensive.,1. 我每天搭地鐵上班。 2. 倫敦的地鐵系統非常廣泛。
suitable,adj. 合適的  ,中級, This dress is suitable for formal occasions.,此禮服適合正式場合穿著。
supply,n./v. 供給  ,中級, 1. The city has a limited supply of clean water.  2. The company supplies food to local supermarkets.,1. 城市的乾淨水源有限。 2. 公司供應食品給當地超市。
suppose,v. 猜想；假設；以為，認為  ,中級, 1. I suppose it will rain tomorrow.  2. Let's suppose that you win the lottery.  3. He supposed that she was already home.,1. 我想明天會下雨。 2. 假設你中了樂透。 3. 他猜她應該已經回家了。
surface,n. 表面 v. 顯露；表面處裡；呈現 adj. 表面的  ,中級, 1. The water's surface was calm and clear.  2. Problems began to surface during the meeting.  3. The surface layer of the road needs repairing.,1. 水面平靜清澈。 2. 會議期間問題開始浮現。 3. 道路的表層需要修復。
survival,n. 生存；倖存；殘存  ,高級, 1. His quick thinking ensured their survival in the wilderness.  2. The doctors fought for the patient’s survival.,1. 他的機智確保了他們在荒野中的生存。 2. 醫生們為病人的生存而戰。
swim,v./n. 游泳  ,初級, 1. I swim in the pool every morning.  2. Let’s go for a swim after lunch.,1. 我每天早上都會在泳池裡游泳。 2. 午餐後去游泳。
switch,n. 開關；調節，交換 v. 轉換，交換；開關  ,中級, 1. Press the switch to turn on the light.  2. She switched from tea to coffee in the mornings.  3. Please switch seats with me.,1. 按下開關開啟燈。 2. 她早上從喝茶改喝咖啡。 3. 請跟我換座位。
tale,n. 故事  ,初級, He told us a tale about his adventures at sea.,他跟我們說了一個海上冒險的故事。
target,n. 目標；靶心 v. 把...作為目標  ,中級," 1. Our sales target for this month is $50,000.  2. The archer hit the target.  3. The campaign targets young voters.","1. 我們本月的銷售目標是50,000美元。 2. 射手命中目標。 3. 該運動的目標對象是年輕選民。"
task,n. 任務 v. 派...任務  ,中級, My main task today is to finish the report.,我今天的主要任務是完成報告。
tax,n. 稅；稅金 v. 向...課稅  ,中級, 1. You must pay income tax every year.  2. The government taxes imported goods.,1. 你必須每年繳納所得稅。 2. 政府對進口商品課稅。
technology,n. 科技；工業技術  ,中級, 1. Modern technology has changed the way we communicate.  2. The company is developing new technology for renewable energy.,1. 現代科技改變了我們的溝通方式。 2. 公司正在開發再生能源的新技術。
teens,n. 青少年  ,初級, He learned to play the guitar in his teens.,他在青少年時期學會彈吉他。
terrorism,n. 恐怖主義；恐怖行動  ,高級, The government is taking strong measures to fight terrorism.,政府正採取強硬措施打擊恐怖主義。
terrorist,adj. 恐怖分子  ,高級, The terrorist was captured by the authorities.,恐怖分子被當局逮捕。
text,n. 文字；本文 v. 發簡訊  ,初級, 1. I read the text of the speech online.  2. I will text you the details later.,1. 我在網路上閱讀了演講稿全文。 2. 我稍後會傳簡訊告訴你詳情。
throughout,prep. 遍布；從頭到尾 adv. 處處；始終  ,中級, 1. The festival was celebrated throughout the city.  2. She worked hard throughout the year.,1. 這個節慶在全城慶祝。 2. 她全年都很努力。
thus,adv. 因此，這樣  ,高級," The evidence was incomplete, thus the case was dismissed.",證據不完整，因此案件被駁回。
tire,v. 疲勞 n. 輪胎  ,初級, 1. Walking long distances can tire you out quickly.  2. My car needs a new tire.,1. 長距離步行會很快讓你感到疲憊。 2. 我的車需要換輪胎。
tissue,n. 紙巾，衛生紙；薄織物；薄紙；(身體的)組織  ,初級, 1. Could you pass me a tissue? I need to blow my nose.  2. The doctor took a sample of tissue for testing.,1. 可以遞我一張紙巾嗎？我需要擤鼻涕。 2. 醫生取了組織樣本進行檢測。
tone,n. 音調，音色；語氣  ,中級, Her tone of voice suggested she was upset,她的語氣透露出她很難過
tour,n. 旅行；巡迴演出或比賽 v. 旅行  ,初級, 1. We went on a tour of Italy last summer.  2.The band is going on a world tour next year.  3.They toured Europe by train.,1. 去年夏天我們去義大利巡迴演出。 2. 樂團明年將展開世界巡迴演出。 3. 他們搭火車遊歷歐洲。
toward/towards,prep. 朝向；接近；對於  ,初級, 1. She walked toward the door.  2. We are moving towards a cleaner energy future.  3. He has a positive attitude toward his work.,1. 她走向門口。 2. 我們正朝向更潔淨的能源未來邁進。 3. 他對自己的工作持積極態度。
track,n. 足跡 v. 追蹤  ,中級, Police are trying to track the suspect.,警方正在追蹤嫌疑人。
trial,n. 試用，試驗；審判，審理；考試，艱難的事  ,高級, 1. You can use the software for a 7-day free trial.  2. The murder case will go to trial next month.  3. Climbing the mountain in winter was a real trial.,1. 你可以使用該軟體，享受7天免費試用。 2. 謀殺案將於下月開庭審理。 3. 冬天爬山真是一場考驗。
typical,adj. 典型的；一貫的；特有的  ,中級, 1. This painting is typical of his early work.  2. It’s typical of her to be late.  3. The hot and humid weather is typical in summer here.,1. 這幅畫是他早期作品的典型代表。 2. 她遲到很典型。 3. 夏季炎熱潮濕的天氣是典型現象。
unit,n. 單位；單元，組件；(軍事)部隊；(家用)套房，住宅單位  ,中級," 1. The length is measured in meters, a common unit of measurement.  2. This textbook is divided into ten units.  3. The military unit was deployed overseas.  4. She just bought a new apartment unit downtown.",1. 長度以公尺為單位，這是常見的單位。 2. 本教科書分為十個單元。 3. 該軍事單位部署海外。 4. 她剛在市中心買了新公寓。
unless,conj. 除非  ,初級, You won’t pass the exam unless you study hard.,不努力讀書你是過不了考試的。
upset,adj. 翻倒的；心煩的，苦惱的 v. 弄翻；使心煩意亂 n. 意外的失敗或挫折；翻倒；混亂  ,初級, 1. She was very upset about the bad news.  2. He was upset by the argument with his friend.  3. The unexpected result upset everyone.  4. The team suffered an upset in the championship game.,1. 她對這個壞消息非常難過。 2. 他因與朋友的爭吵而感到難過。 3. 這個意外的結果讓所有人都感到不安。 4. 球隊在冠軍賽中爆冷。
used,adj. 二手的，舊的  ,初級, I bought a used car last week.,我上週買了一台二手車。
user,n. 使用者,初級,The user logged into the system.,使用者登入系統。
view,n. 視野，景色；看法 v. 查看，觀看；認為  ,初級," 1. The hotel room has a beautiful view of the ocean.  2. In my view, we should wait a little longer.  3. We viewed the movie last night.  4. The committee views this proposal positively.",1. 飯店房間有美麗的海景。 2. 依我看，我們應該再等一會兒。 3. 我們昨晚看了電影。 4. 委員會對此提案持正面看法。
waiter/waitress,n. 服務員/女服務員  ,初級, The waiter brought us the menu quickly.,服務生很快把菜單端來。
wealth,n. 財富，富有；大量  ,中級, 1. He inherited a great wealth from his family.  2. The country’s natural wealth includes forests and minerals.,1. 他從家族繼承了大量財富。 2. 國家的自然資源包括森林和礦產資源。
weigh,v. 秤...的重量；權衡  ,初級, 1. Please weigh the luggage before going to the airport.  2. You should weigh the pros and cons before making a decision.,1. 請在前往機場前稱重行李。 2. 你應該在做決定前權衡利弊。
western,adj. 西方的 n. 西部地區的人  ,初級, They moved to a western state in the USA.,他們搬到了美國西部的一個州。
whatever,adj. 無論什麼，任何事物 pron. 任何...的事物；不管什麼  ,初級," 1. Take whatever you want from the fridge.  2. Whatever happens, stay calm.",1. 冰箱裡想拿什麼就拿什麼。 2. 無論發生什麼事，都要保持冷靜。
whenever,conj. 無論何時；每當 adv. 無論何時；每當  ,初級," 1. You can call me whenever you need help.  2. Whenever I see her, she’s always smiling.",1. 你需要幫忙時可以打給我。 2. 每次見到她，她總是在笑。
wherever,conj. 無論在哪裡 adv. 無論在哪裡  ,初級," 1. You can sit wherever you like.  2. Wherever he goes, he makes friends easily.",1. 你可以坐任何你想坐的地方。 2. 無論他走到哪裡，都很容易交到朋友。
whisper,n. 耳語，私語 v. 低聲說出，耳語  ,初級, 1. I heard a whisper behind the door.  2. She whispered a secret to her friend.,1. 我聽到門後有耳語。 2. 她悄悄向朋友說了一個秘密。
whoever,pron. 無論是誰  ,中級, Whoever arrives first will get the prize.,誰先到誰就能拿到獎品。
width,n. 寬度  ,中級, The width of the table is two meters.,桌子寬度為兩公尺。
willing,adj. 願意的，樂意的  ,中級, She is willing to help with the project.,她願意幫忙這個專案。
wine,n. 葡萄酒，紅酒  ,初級, They drank red wine with dinner.,他們晚餐時喝紅酒。
wire,n. 電線 v. 用電線連接  ,初級, 1. The electrician fixed the broken wire.  2. They wired the new house for internet.,1. 電工修好了斷線。 2. 他們在新房子裡布設了網路。
within,prep. 在...範圍內 adv. 在裡面  ,中級, 1. Please complete the task within two days.  2. There is no smoking allowed within the building.,1. 請在兩天內完成任務。 2. 建築內禁止吸菸。
wonder,v. 想知道 n. 奇蹟  ,初級, 1. I wonder if it will rain tomorrow.  2. It’s a wonder that everyone survived the accident.,1. 不知道明天會不會下雨。 2. 真是奇蹟，大家竟然都活著。
wood(s),n. 木頭；樹林  ,初級, 1. The table is made of wood.  2. We went hiking in the woods last weekend.,1. 桌子是木製的。 2. 我們上週末去森林健行。
wooden,adj. 木製的  ,初級, They bought a wooden chair for the dining room.,他們買了一張木椅放在餐廳。
wool,n. 羊毛  ,初級, She wore a warm sweater made of wool.,她穿著一件羊毛製成的暖和毛衣。
worse,adj. 更壞的 adv. 更壞 n. 更糟的事  ,初級, 1. His health is getting worse.  2. Things are going from bad to worse.,1. 他的健康狀況越來越差。 2. 情況越來越糟。
worst,adj. 最壞的，最糟的 adv. 最壞地，最糟地 n. 最壞的部分  ,初級, 1. This is the worst day of my life.  2. He performed the worst in the competition.  3. Prepare for the worst.,1. 這是我人生中最糟糕的一天。 2. 他在比賽中表現最差。 3. 為最壞的情況做準備。
worth,adj. 有...價值的 n. 有價值  ,中級, 1. This book is worth reading.  2. The painting is of great worth.,1. 這本書值得一讀。 2. 這幅畫極具價值。
yam,n. 山藥,初級,Yam is a popular food in many countries.,山藥在許多國家都很受歡迎。
aboard,prep. /adv. 上(船、飛機、車)；在(船、飛機、車)上  ,中級, 1. There were 300 people aboard the ship.  2. All passengers must be aboard before the train departs.,1. 船上有300人。 2. 所有乘客必須在列車出發前登車。
acceptable,adj. 可以接受的  ,中級, Your behavior is not acceptable in this classroom.,你在這個教室裡的行為是不可接受的。
accurate,adj. 準確的  ,高級, The scientist gave an accurate description of the experiment.,科學家對實驗給出了準確的描述。
ache,n./v. 疼痛  ,初級, 1. I had a dull ache in my back after sitting too long.  2. My muscles ache after the long run.,1. 坐太久後背部隱隱作痛。 2. 長跑後肌肉會痠痛。
achieve,v. 完成；達到  ,中級, She worked hard to achieve her goals.,她努力工作以達成目標。
achievement,n. 完成；達到；成就  ,中級, Winning the award was his greatest achievement.,贏得該獎項是他最大的成就。
additional,adj. 附加的，額外的  ,中級, We need additional time to finish the project.,我們需要更多時間來完成這個專案。
advanced,adj. 先進的；高等的；進階的  ,中級, 1. This phone has many advanced features.  2. She is taking an advanced English course.,1. 這支手機有許多進階功能。 2. 她正在修進階英文課程。
advantage,n. 有利條件；優勢  ,中級, Knowing two languages is a big advantage in finding a job.,會兩種語言在找工作時是很大的優勢。
adventure,n. 冒險  ,中級, Going backpacking in the mountains was the biggest adventure of my life.,去山裡背包旅行是我人生中最大的冒險。
advertise,v. 為...做廣告  ,中級, The company plans to advertise its new product on TV.,該公司計劃在電視上宣傳其新產品。
advertisement/ad,n. 廣告  ,中級, I saw an advertisement for a new smartphone in the magazine.,我在雜誌上看到一則新智慧型手機的廣告。
adviser/advisor,n. 顧問；導師  ,高級, She works as a financial adviser for a large bank.,她在一家大型銀行擔任財務顧問。
afford,v. 承擔得起；買得起；提供  ,中級, 1. I can’t afford to buy a new car right now.  2. This job will afford you many opportunities to travel.,1. 我現在買不起新車。 2. 這份工作會讓你有很多旅行的機會。
afterward/afterwards,adv. 之後，後來  ,初級, We went to a movie and afterward/afterwards we had dinner.,我們去看了電影，之後/之後一起吃了晚餐。
agriculture,n. 農業  ,高級, Modern agriculture uses advanced machinery to increase crop production.,現代農業使用先進的機械來提升作物產量。
airline,n. 航線；航空公司  ,中級, I booked a ticket with a major airline for my trip to Paris.,我已經在一家大型航空公司訂了一張前往巴黎的機票。
alley,n. 小巷子；小徑  ,初級, The cat ran quickly down the alley.,貓迅速跑進巷子。
admission,n. 獲准；許可准許進入  ,高級, Candidates must pass the entrance exam before being given admission to an interview.,考生必須通過入學考試，才能獲得面試資格。
be subject to,受...約束；遭受...  ,高級," Regardless of their position or status, employees will be subject to annual evalutions.",無論職位或身份，員工均須接受年度評估。
committed,adj. 盡心盡責的  ,高級, We are seeking committed professionals in the fields of medicine and health administration.,我們正在尋找在醫學與健康管理領域投入專業的人才。
fire,v. 開除  ,中級, Employees who commit serious breaches of company policy may be fired with two-week's notice.,嚴重違反公司政策的員工可能會被解雇，並提前兩週通知。
position,n. 職位  ,中級, Please inform candidates that applying for multiple positions is against company policy.,請告知應徵者，申請多個職位違反公司政策。
accordingly,adv. 相應地；照著；因此  ,高級," Given the limited timeframe, selection procedures should be shortened accordingly.",鑑於時間有限，選拔程序應相應縮短。
hire,v. 雇用、聘請  ,中級, This month we will need to hire four people to fill vacancies in the human resources department.,本月我們將需要聘請四名員工來填補人力資源部門的空缺。
match,v. 相配；符合  ,中級, Hiring managers should match a candidate's experience to the most appropriate department in the company.,招聘經理應將候選人的經驗與公司中最合適的部門匹配。
responsibility,n. 責任；職責  ,中級, It is the HR director's responsibility to maintain our workforce's effectiveness.,維持我們員工效率是人力資源主管的責任。
assessment,n. 評估  ,高級, Assessment of potential hires should be done according to our ranking system.,潛在聘用的評估應依據我們的排名系統進行。
recruit,v. 招收新成員  ,高級, The president specifically stated we were not to recruit overseas workers for this position.,總統特別表示，我們不得招募海外員工擔任此職位。
applicant,n. 申請人；求職者  ,高級, Job applicants should always try to make the best first impression.,求職者應該盡力留下最好的第一印象。
consider,v. 考慮；認為  ,中級, People considering a career change should first decide whether the new position will help them achieve their career goals.,考慮轉換職涯的人應該先決定新職位是否能幫助他們達成職涯目標。
arrange,v. 安排；布置  ,中級, Candidates who are unable to take the written exam on the scheduled day may arrange a make-up test.,無法在預定日期參加筆試的考生，可安排補考。
background,n. 背景；經歷  ,中級, Questions regarding candidate's backgrounds should be limited to education and employment history.,關於候選人背景的問題應限於教育背景與工作經歷。
candidate,n. 候選人；應試者；應徵者  ,高級," There are 12 candidates, but only five positions are available.",共有12名候選人，但僅有五個名額。
experience,n. 經驗；經歷  ,中級, How much experience do you have with maintaining large databases?,你有多少維護大型資料庫的經驗？
interview,n. 面談；面試  ,中級, There will be no group interviews. We will meet each candidates on a one-to-one basis.,不會有團體面試。我們將以一對一方式與每位候選人會面。
prior to,在...之前  ,高級, Did the candidates research the company's current activities prior to the interview?,候選人在面試前有研究公司目前的活動嗎？
reference,n. 推薦信  ,高級, Three references are required to apply to this position.,申請此職位需三位推薦人。
resume,n. 履歷  ,高級, We were very impressed with your resume especially your work history.,我們對你的履歷印象深刻，尤其是你的工作經歷。
accomplishment,n. 成就；實現  ,高級, I consider the release of my home accounting software to be one of my greatest accomplishment.,我認為我家用會計軟體的推出是我最大的成就之一。
capability,n. 能力；性能  ,高級," In my previous job, I had many opportunities to prove my capability in multitasking.",在我之前的工作中，我有很多機會證明自己多工能力。
potential,n. 潛力  ,高級, I believe my full potential has yet to have been realized.,我相信我的全部潛力尚未被充分發揮。
proficiency,n. 語言能力；精通、熟練  ,高級," I have documented proficiency in English, Japanese and Chinese.",我有英文、日文和中文的證明。
profile,n. 人物簡介  ,高級, I hope my profile clearly shows my dedication to the preservation and improvement of community.,我希望我的個人檔案能清楚展現我對社區保存與改善的承諾。
degree,n. 等級；度數  ,中級, His resume exhibits a high degree of mastery of social media marketing.,他的履歷展現了對社群媒體行銷的高度掌握。
ethic,n. 道德；倫理  ,高級," He claims to have a strong work ethic, but he's had four jobs in the past two years.",他自稱工作態度強，但過去兩年換了四份工作。
recommendation,n. 推薦；推薦信；勸告；優點  ,高級," If you have any recommendations regarding what personal qualities we should look for, please let me know.",如果你有任何關於我們應該尋找的個人特質的建議，請告訴我。
weakness,n. 弱點；缺點  ,中級, Not looking for a better position is considered a weakness by many hiring manaders.,不尋求更好職位，被許多招聘經理視為弱點。
elsewhere,adv. 別處、其他地方  ,中級," I will seek employment elsewhere, because I'm not happy with how the company is treating me.",我會去找別的工作，因為我對公司對待我的態度不滿意。
benefit,n. 利益；好處  ,中級," Free gym membership, yearly professional development courses, and on-site daycare are some of the benefit the company offers.",免費健身房會員、年度專業發展課程及現場托兒服務是公司提供的部分福利。
complimentary,adj. 贈送的；免費的；讚美的  ,高級," I don't like early meetings, but I definitely do enjoy the complimentary breakfast we get!",我不喜歡早開會，但我確實很享受免費早餐！
generous,adj. 慷慨的；大量的  ,中級," The company dosen't offer much leave, but it is certainly generous with the salaries it offers.",公司雖然沒有提供太多假期，但薪資確實相當慷慨。
leave,n. 離開；休假  ,初級, I would gladly work for a lower salary if I could have more paid leave.,如果能有更多帶薪假，我願意接受較低薪水的工作。
practical,adj. 實際的；實用的  ,中級," The training is very nice in theory, but it has no practical application to my work.",理論上訓練很不錯，但對我的工作沒有實際應用。
satisfy,v. 滿足  ,中級," The benefit here really don't satisfy my need--there is no dental care, no day care, and not much leave offered.",這裡的福利真的無法滿足我的需求——沒有牙科護理、沒有托兒所，也很少有假期。
diligent,adj. 勤勉的；勤奮的  ,高級," She's got good ideas, but she's not particularly diligent when it comes to team work.",她有好點子，但在團隊合作方面並不特別勤奮。
dividend,n. 紅利；股息  ,高級, Our company is paying dividends in the form of a year-end bonus.,我們公司以年終獎金的形式發放股息。
eligible,adj. 合適的  ,高級," He's not eligible for the position, since he doesn't have college degree.",他不符合這個職位的資格，因為他沒有大學學位。
entitle,v. 授權(或資格)  ,高級," According to our company's policy, after a year, I'll be entitled to three weeks of vacation.",根據我們公司的規定，一年後我有權請三週假。
grant,n. 獎學金；補助金  ,高級, I am really hoping to get a grant from that research company.,我真的很希望能從那家研究公司拿到補助金。
optional,adj. 隨意的；非必需的  ,高級," I konw bonuses are technically optional, but I think the managers know that we expect them each year.",我知道獎金技術上是選擇性的，但我想經理們知道我們每年都期待有獎金。
productive,adj. 多產的  ,高級," After his performance review, he got a raise for being so productive.",績效評估後，他因為工作效率高而加薪。
representative,n. 代表  ,高級, I'm going to speak to our human resources representative about getting some extra time off this year.,我打算跟我們的人力資源代表談談，看看今年能不能多請點假。
respectively,v. 分別地；各自地  ,高級," Based on our seniority, we get three and four weeks paid leave, respectively.",根據資歷，我們分別有三週和四週的帶薪假。
tempt,v. 引誘；吸引；打動  ,高級," I am very tempted to take their offer, because the benefits are so much better than my current position.",我很想接受他們的工作，因為福利比我現在的工作好太多了。
acknowledge,v. 承認  ,高級, He took the credit for the project's success and didn't acknowledge her contribution at all.,他把專案成功的功勞攬在自己身上，完全不承認她的貢獻。
contribute,v. 貢獻  ,高級, I can't take all the credit for the plan. Everyone on the team contributed to it.,我不能把計畫的功勞全都攬在自己身上。團隊裡每個人都有貢獻。
dedication,n. 奉獻；獻身  ,高級, They're hoping to inspire dedication by offering stock in the company rather than cash bonuses.,他們希望透過提供公司股票而非現金獎金來激發投入。
motivate,v. 刺激；激發  ,高級, The bigger bonuses are meant to motivate the emplyees to work harder.,較高的獎金是為了激勵員工更努力工作。
winner,n. 贏家；優勝者  ,初級," After working on it night and day for a week, it looks like our proposal is going to be the winner!",經過一週日夜的努力，看來我們的提案將會是贏家！
improve,v. 增進；改善  ,中級, She's volunteering for every work group because she's really eager to improve her chances for a promotion.,她在每個工作小組都做志工，因為她真的很想提升升遷的機會。
look forward to,期待  ,中級," I like my work, but I'm really looking forward to my vacation next week.",我喜歡我的工作，但我真的很期待下週的假期。
loyal,adj. 忠誠的；忠心的 ,中級, I hope my loyal service to the company will be rewarded when they give out bonuses this year.,我希望我對公司的忠誠服務能在今年發放獎金時得到回報。
merit,n. 績效；價值；優點  ,高級, I'm tired of being passed over for promotions. I'm going to move to a company that values merit over seniority.,我厭倦了被升遷忽略。我打算轉到一家重視能力勝過資歷的公司。
devote,v. 奉獻  ,高級," In his new position, most of his time will be devoted to client relations.",在新職位上，他大部分時間將投入客戶關係。
lead,v. 領導  ,中級," I'm surprised that he was promoted, because I don't think he leads his work group very well.",我很驚訝他被升職了，因為我覺得他帶領工作團隊的能力並不好。
lifetime,n. 終身  ,中級," She rose from cashier to chief financial officer over her lifetime, which is a very impressive achievement.",她一生中從收銀員一路晉升為財務長，這是一項非常令人印象深刻的成就。
adjustment,n. 調整  ,高級," With the cost of living rising so quickly, I believe we deserve a salary adjustment.",隨著生活成本快速上漲，我認為我們應該進行薪資調整。
flexible,adj. 有彈性的  ,高級," My hours in the office are flexible, but I have to be on call from 9 a.m. to 5 p.m.",我在辦公室的時間很彈性，但我必須從早上9點待命到下午5點。
limit,n. 限制；界限  ,中級,They're talking about creating a salary cap and setting separate limits for each level in the hierarchy.,他們在討論設立薪資上限，並為階層中每個層級設定獨立的上限。
pension,n. 退休金；養老金  ,高級, I'm very glad the company will start matching our pension contributions next year.,我很高興公司明年會開始配對我們的退休金供款。
raise,n. 加薪  ,中級," If I don't get a raise soon, I'm going to look for another job.",如果我很快沒加薪，我打算找另一份工作。
rise,v. 上升；增加  ,中級," If the cost of living continues to rise, the company is going to have to increase people's salaries.",如果生活成本持續上漲，公司將不得不提高員工的薪資。
salary,n. 薪水  ,中級," The salary in my new position is terrible, but the work is so interesting that I don't mind.",我新職位的薪水很糟，但工作內容很有趣，我不介意。
tenure,n. (教授等地)終身職位  ,高級," Once he's gotten tenure in the position, his salary won't change.",一旦他獲得終身教職，薪水就不會改變。
value,n. 價值  ,中級, I don't think my salary reflects the value I bring to the company.,我覺得我的薪水無法反映我為公司帶來的價值。
wage,n. 薪水  ,中級, I work such long hours that I'm glad I get an hourly wage rather than a set salary.,我工作時間很長，很慶幸我拿的是時薪而不是固定薪水。
introduce,v. 介紹  ,中級, The principal function of orientation is to introduce the company's culture and its methods of operation.,導向的主要功能是介紹公司的文化與運作方式。
regulation,n. 規章；條例；調節  ,高級, Rules concerning the regulation of intellectual property rights will be introduced during orientation.,有關智慧財產權規範的規則將於導覽期間介紹。
set up,v. 豎立；架起  ,中級, Mr. Rasheed has agreed to set up the audio system for this month's seminar.,Rasheed 先生已同意為本月研討會設置音響系統。
take part in,v. 參加  ,中級," Unlike last year, new programmers have to take part in the first stage of orientation  this year.",與去年不同，今年的新程式設計師必須參加第一階段的迎新。
required,adj. 要求的；必須的  ,中級," The required training excursion will focus on leadership, which the president feels is lacking in many managers.",這次必修的訓練行程將著重於領導力，而總統認為許多經理人缺乏領導力。
train,v. 訓練；培訓  ,中級, We need to find someone who can train the staff to use the new office software.,我們需要找到能訓練員工使用新辦公軟體的人。
annual,adj. 一年一度的；每年的  ,高級, The annual training course is held every August.,每年八月舉辦年度培訓課程。
bring together,v. 招募；聚集  ,中級, We hope to bring together the most motivated and competitive employees.,我們希望能聚集最有動力且最具競爭力的員工。
build up,v. 建立  ,中級, The purpose of this excursion is to build up a sense of teamwork.,這次行程的目的是培養團隊合作精神。
guide,v. 引導  ,中級, Five former participants will guide trainees through the course.,五位前學員將引導學員完成課程。
instructor,n. 教練；指導者  ,高級," She said she did not want to be an instructor, even though she will plan training course.",她說她不想當教官，雖然她會規劃培訓課程。
mentor,n. 導師；良師益友  ,高級," Each group of trainees will be assigned a mentor, who will assist them during the hands-on portion.",每組學員都會分配一位導師，在實作階段協助他們。
session,n. (授課活動等的)時間；會議  ,高級," Each session will run for two hours, followed by a 20-minute break.",每次課程持續兩小時，隨後休息20分鐘。
site,n. 地點  ,中級, The site for this year's training seminar will be in Frankfurt.,今年的培訓研討會地點將設在法蘭克福。
entertainment,n. 娛樂  ,中級, Karaoke has become a popular form of entertainment at birthday parties.,卡拉OK已成為生日派對上受歡迎的娛樂形式。
invite,v. 邀請  ,初級," Be sure to invite all the managers, even ones from other department.",一定要邀請所有經理，甚至是其他部門的。
present,n. 禮物  ,中級," While bringing a present is not required, it is highly recommended.",雖然不強制攜帶禮物，但強烈建議。
welcome,v. 歡迎  ,初級, I would like to welcome you all to Kathy and Steve's first baby shower.,我想歡迎大家參加Kathy和Steve的第一次嬰兒派對。
congratulate,v. 恭喜  ,中級, Let me be the first to congratulate you on your upcoming wedding and to wish you the very best.,讓我成為第一個恭喜你即將結婚的人，並祝福你一切順利。
farewell,adj. 送別的  ,中級, Is Mrs. Kerry retiring before or after her farewell party?,凱瑞夫人是在她的告別派對前退休還是之後退休？
party,n. 宴會；派對；政黨  ,初級, Do you think it would be better to held Mr. Smith's farewell party at a restaurant or a bar?,你覺得史密斯先生的告別派對應該在餐廳還是酒吧舉辦比較好？
theme,n. 主題；題材  ,中級, Has anyone decided if the party's theme will be a cruise voyage or an Italian getaway.,有人決定過派對主題是郵輪航程還是義大利小旅行嗎？
attribute,v. 歸因於  ,高級, She attributes her successes to the support of her coworkers and staff.,她將自己的成功歸功於同事和員工的支持。
awards ceremony,n. 頒獎典禮  ,高級, The president will present the achievement awards during the awards ceremony following dinner.,總統將於晚宴後的頒獎典禮上頒發成就獎。
banquet,n. 宴會；設宴款待  ,高級, The organizers have arranged for the banquet to be held in the hotel's conference room.,主辦方已安排晚宴在飯店會議室舉行。
celebrate,v. 慶祝  ,中級," Once the president has finished her speech, we will celebrate the entrance of new employees into the company.",總裁發表演說結束後，我們將慶祝新員工加入公司。
commemorate,v. 慶祝；紀念  ,高級, This event will commemorate our organization's 20th year of operation.,此活動將紀念我們組織成立20週年。
activity,n. 活動  ,中級, Which activities did you have in mind for this year's Christmas party.,你今年聖誕派對有什麼活動？
ancient,adj. 古代的  ,中級, Giving children gifts of money at Chinese New Year is an ancient tradition in China.,在中國，送錢禮物是中國的古老傳統。
atmosphere,n. 氣氛  ,中級," Keeping the time limit to three hours will help us maintain a festive atmosphere; more than that, and peaple will tired.",將時間限制在三小時內有助於維持節慶氣氛;超過這個數字，Peaple 就會感到疲憊。
costume,n. 服裝；戲服  ,中級, We would like to remind employees that the wearing of costumes will not be permitted this Halloween.,我們要提醒員工，今年萬聖節禁止穿著服裝。
gather,v. 聚集  ,中級, Employees should gather for New Year's party by 7p.m.,員工應於晚上7點前集合參加新年派對。
observe,v. 慶祝(節日等)；遵守；觀察  ,中級," This year, we will be observing both the Western and Chinese New years.",今年，我們將同時慶祝西新年和中國新年。
anniversary,n. 週年紀念  ,高級," Johnson's 25th wedding anniversary is this Friday, so let's have a small party for him at the office.",強森的25週年結婚紀念日就在這個星期五，所以我們就在辦公室為他辦個小型派對吧。
admire,v. 欽佩；欣賞；誇獎  ,中級, I think I speak for everyone here when I say how much I have admired your professionalism over the years.,我想我代表在座的每一位說，我多年來非常敬佩你們的專業精神。
expect,v. 預期  ,中級," When planning for retirement, it is important to expect medical costs to increse.",在規劃退休時，重要的是要預期醫療費用會增加。
retire,v. 退休  ,高級, I can't believe Mrs. Yamada will be able to retire at 55.,我真不敢相信山田太太能在55歲退休。
apprentice,n. 學徒；見習生  ,高級, My machanic is looking for an apprentice.,我的機械師正在找學徒。
assistant,n. 助手；助理  ,中級, I can't keep up with this paperwork. I need an assistant.,我跟不上這些文書工作。我需要一個助理。
associate,n. 夥伴；合夥人  ,高級," This is George, my business associate.",這是喬治，我的生意夥伴。
in charge of,負責  ,中級, She is in charge of North American sales.,她負責北美銷售。
beneath,prep. 在...之下  ,中級, There are at least 10 people beneath her in the department.,部門裡至少比她低十個人。
executive,adj. 行政上的；管理階層的  ,高級, This is her first time in an executive position.,這是她第一次擔任高階主管職務。
fluctuation,n. 變動；變化  ,高級, The constant fluctuations in personal mean I never know who my real boss is.,個人狀況不斷波動，讓我永遠不知道真正的老闆是誰。
level,n. 程度；等級  ,初級," I thought my work was good, but his performance is really on another level.",我覺得我的表現不錯，但他的表現真的是另一個層次。
personnel,n. (總稱)員工；人事  ,高級," If they don't hire some new people, they're going to face a serious personnel crisis.",如果他們不招募新人，將會面臨嚴重的人事危機。
select,v. 選擇  ,中級, I'm hoping to be selected as the new team leader.,我希望能被選為新的組長。
supervisor,n. 主管  ,高級, I really need my supervisor to clarify what she want me to do.,我真的很需要我的主管釐清她想讓我做什麼。
understaffed,adj. 人手不足的  ,高級, We're so understaffed; I've ended up working until 10 p.m. every night this week.,我們人手嚴重不足;這週我幾乎每天晚上都工作到晚上10點。
respectful,adj. 尊重人的  ,中級, He has to learn to be more respectful of his superiors if he want to get ahead.,如果想往上爬，他必須學會更尊重上司。
spare,adj. 多餘的  ,中級," It is just a small business corporation, so it may not have spare workforce for this projects.",它只是個小型企業公司，因此可能沒有多餘的人力資源來完成這些專案。
resign,v. 辭職  ,高級, I dont want to resign until I've found a new position.,我不想辭職，直到找到新工作。
assignment,n. 任務；作業  ,高級, Have you finished the assignment yet?,你完成作業了嗎？
busy,adj. 忙碌的  ,初級," She asked me to pick up her shift on Saturday, but I'm just too busy.",她請我星期六幫她頂班，但我實在太忙了。
shift,n. 輪班  ,高級," I've got early shifts all week, so I can't stay up late.",我整週都有早班，不能熬夜。
collaborate,v. 合作  ,高級, Ther've decided that they want sales and marketing to collaborate on the new plan.,他們決定希望銷售和行銷部門能合作制定新計畫。
department,n. 部門；科系  ,中級," We used to have lunch together, but now that she's moved to another department, I hardly to see her anymore.",我們以前會一起吃午餐，但現在她調到另一個部門，我幾乎見不到她了。
integral,adj. 不可或缺的  ,高級, He's an integral part of the design team. I don't know what I'd do without him.,他是設計團隊不可或缺的一員。沒有他我真的不知道該怎麼辦。
buyout,n. 買斷；(產權)全部買下  ,高級, The company promises thst nothing will change for enployees after the buyout.,公司承諾收購後，對被投資人不會有任何改變。
control,v. 控制  ,中級, I control the acquisition process at the company.,我負責公司內的收購流程。
takeover,n. 收購；接管  ,高級, There will definitely be layoffs after the takeover.,收購後肯定會有裁員。
transition,n. 過渡；交接  ,高級, They've sent a team of human resources specialists to help make sure the transition is smooth.,他們派遣了一支人力資源專家團隊，協助確保交接過程順利。
acquisition,n. 收購  ,高級, They get rid of their competition through acquisitions.,他們透過收購來清除競爭對手。
corporate,adj. 公司的；企業的  ,高級," In my opinion, only a corporate lawyer can answer those questions.",依我看，只有企業律師才能回答這些問題。
institute,n. (專科性的)學校，學院，大學；研究所  ,高級, The merging of these two well-known institutes has shocked the academic circles.,這兩個知名研究所的合併震驚了學術界。
merger,n. (公司等的)合併  ,高級, What will the company's name be after the merger?,合併後，公司名稱會是什麼？
transfer,v. 轉讓  ,高級, We're going to transfer all our design work to them as part of the merger.,合併後，我們會把所有設計工作轉交給他們。
appoint,v. 任命；委派職務  ,高級, I can't believe the CEO appointed his daughter as chair of the research committee!,我真不敢相信社長任命他女兒當研究委員會主席！
be accounted for,出席；到齊  ,高級," All the board members are accounted for, so I think we're ready to get started on the vote.",所有董事會成員都已清點，我想我們準備好開始投票了。
board,n. 董事會；(有特定用途的)板；牌子  ,高級," I think it's a great idea, but the board is so conservative that they might not approve it.",我覺得這是個好主意，但董事會太保守了，可能不會批准。
boardroom,n. 董事會會議室  ,高級, All the executives are gathered in the boardroom right now. I wonder what's going on.,所有高層現在都聚集在董事會會議室。我很好奇到底發生什麼事。
direct,v. 指揮；主持；管理  ,中級, Who's going to direct the research team.,誰會帶領研究團隊。
reliable,adj. 可靠的  ,中級, He's so reliable; he's never missed a deadline.,他真可靠;他從沒錯過過截止日期。
title,n. 頭銜  ,中級, The promotion is really just a change of title. Idon't have any new responsibilities.,這次升遷其實只是職稱的改變。我沒有新的責任。
brick,n. 磚  ,初級," The interior is wood paneling, but exterior is red brick.",內部為木質護牆板，外牆則為紅磚。
carpet,n. 地毯  ,初級,  Putting down carpet would help reduce the noise levels.,鋪設地毯有助於降低噪音。
closet,n. 衣櫥  ,初級," Seeing as there are no closets, storage space will be a problem.",既然沒有衣櫃，儲藏空間會是個問題。
compartment,n. 包廂；隔間  ,高級," Each room is divided into three compartments, each of which is large enough to accommodate three cubicles.",每個房間分為三個隔間，每個隔間足夠容納三個隔間。
entrance,n. 入口  ,初級, The south entrance needs a new passkey machine installed.,南入口需要安裝新的通行鑰匙機。
furnished,adj. 配有家具的  ,高級," A temporary solution would be to rent a furnished office, but it will be expensive.",暫時的解決方案是租一間有家具的辦公室，但費用會很高。
garage,n. 車庫  ,初級, The garage has space for thirty cars and two trucks.,車庫可容納三十輛車和兩輛卡車。
lobby,n. 大廳；門廊  ,高級," Given the large windows, the lobby should be right enough to make vistors feel comfortable.",考慮到大窗戶，大廳應該足夠讓參觀者感到舒適。
shelf,n. (書櫃等的)架子  ,初級, We will need to install shelves in each cubicle so that workers have some place to display personal items.,我們需要在每個隔間安裝架子，讓工作人員有地方展示個人物品。
staff lounge,n. 員工休息室  ,中級, Employees have asked for a refrigerator to be installed in the staff lounge.,員工要求在員工休息室安裝冰箱。
wing,n. 側廳；廂房  ,中級, The north wing will house the IT department and all it servers.,北翼將容納資訊部門及所有IT伺服器。
workplace,n. 工作場所  ,中級, Will we be able to maintain safety in a workplace this narrow? There's limited space between the walls and the robots.,我們能在這麼狹窄的工作環境裡維持安全嗎？牆壁與機器人之間的空間有限。
adjacent,adj. 鄰接的  ,高級, The adjacent building blocks most of the afternoon sunlight.,相鄰的建築塊提供了大部分午後的陽光。
broad,adj. 寬的  ,中級, The service road is broad enough so that our trucks will have no problem driving down it.,服務道路夠寬，我們的卡車行駛毫無問題。
construction,n. 建築物  ,中級," There are no large constructions nearby, so we anticipate no difficulties receiving satellite signals.",附近沒有大型建築，因此我們預期接收衛星訊號不會有困難。
district,n. 區域  ,中級," Our new office is in a residential district, so it is expected there will be a lot of houses and schools there.",我們的新辦公室位於住宅區，預期會有許多房屋和學校。
indoor,adj. 室內的  ,初級, It's too dark; there's not enough indoor lighting in the warehouse.,太黑了;倉庫裡的室內照明不夠。
location,n. 位置；場所；所在地  ,中級, Rail and highway access is a key consideration when selecting a location for our new factory.,鐵路與高速公路的便利性是選擇新工廠地點時的重要考量。
neighborhood,n. 鄰近地區  ,中級," The surrounging neighborhood is mostly apartments and convenience stores, with a couple of small parks.",周邊社區主要是公寓和便利商店，還有幾個小公園。
on-site,adj. 就地的；現場的  ,高級," Dangerous materials cannot be stored in on-site containers. Instead, they must be transported to a remote location.",危險物品不得存放於現場容器中。相反地，他們必須被運送到偏遠地區。
patio,n. 中庭；院子  ,高級, The patio is wide enough for three sets of tables and chairs.,露台足夠放三組桌椅。
railing,n. 欄杆，扶手；柵欄，圍欄  ,高級," To comply with safety regulations, every second-floor landing must have a railing.",為符合安全規定，每個二樓平台必須設有欄杆。
statue,n. 雕像  ,中級, The mayor's office is considering putting up a statue of the town's founder at corner.,市長辦公室正在考慮在街角豎立鎮上創建者的雕像。
suburb,n. 郊區  ,高級," Most surburbs have a large amount of residential housing, some small buisnesses catering to resident, and little to no industry.",大多數郊區有大量住宅，一些小型企業服務居民，幾乎沒有工業設施。
surround,v. 圍繞  ,中級, The city has ruled that all factories must be surrounded by a green zone not less than 10 meters wide.,市政府規定所有工廠周圍必須有不少於10公尺寬的綠區。
work on,從事  ,中級, Our recent environmental impact evaluation makes it clear we must work on reducing our emissions.,我們最近的環境影響評估明確指出，我們必須努力減少排放。
amenities,n. 福利設施  ,高級," These company dormitories have all the standard amenities of a mid-priced hotel, including Wi-Fi and cable TV.",這些公司宿舍擁有中價飯店的所有標準設施，包括Wi-Fi和有線電視。
basic,adj. 基本的；基礎的  ,初級," The basic utilities, water and electricity, are included in the rental fee.",基本的水電等公共事業費用包含在租金中。
convenient,adj. 方便的  ,中級, The location is convenient for anyone needing easy access to doentown.,該地點對於需要輕鬆前往登鎮的人來說非常便利。
electricity,n. 電力  ,中級, The power company has a buy-back scheme for local households with solar power systems generating excess electricity.,該電力公司為擁有太陽能系統產生多餘電力的當地家庭提供回購方案。
energy,n. 能量  ,中級, The president is considering installing a geothermal energy system to heat the building.,總統正在考慮安裝地熱能系統來供暖這棟建築。
reduce,v. 減少；降低  ,中級, Is there any way to reduce ous gas bill? It has gone beyond our budget for the third month in a row now.,有什麼方法可以降低瓦斯費用嗎？這已經連續第三個月超出我們的預算了。
stationery,n. 文具  ,高級," Given how much paper our office uses, we need to find a cheap stationeny supplier immediately.",考慮到我們辦公室用的紙張量很大，我們必須立刻找到便宜的文具供應商。
utilities,n. 公用事業(通常指水、電、瓦斯等)  ,高級," Among the utilities we will need to hook up first, electricity and gas are the highest priority.",在我們必須先接入的公用事業中，電力和瓦斯是最高優先事項。
monitor,n. 監視器  ,中級, The building has monitors for both the front and rear entrances.,建築內前後入口均設有監視器。
lease,n. 租金；租約 v. 租借  ,高級, The cost of the lease is too high; it would've been cheaper if we had bought a space for long-term use.,租約成本過高;如果我們買一個長期使用的空間，會比較便宜。
mortgage,n. 抵押借款  ,高級,"Before we consider taking out a mortgage, let's look into renting an office space.",在考慮貸款之前，先來看看租用辦公空間。
stationary,adj. 不動的；固定的  ,高級," Actually, the interior walls are not stationary; they can be removed to create a large space.",事實上，內牆並非固定;它們可以拆除，創造出較大的空間。
tenant,n. 房客；承租人；住戶  ,高級," The previous tenants falied to do necessary maintenance, so the property needs a lots of cleaning and repairs.",前任房客因維修而離開，因此房產需要大量清潔和修繕。
trustee,n. 收託人  ,高級," Since the original owner died, the property has been managed by a trustee.",自原屋主去世後，該物業由受託人管理。
borrow,v. 借入  ,初級, Can I borrow the book when you're finished.,你看完我可以借書嗎？
extension,n. 延長時間；延期  ,高級, We haven't finished using the conference room--can we have an extension until 3p.m.?,我們還沒用完會議室——可以延長到下午三點嗎？
rent,v. 租入；租出  ,初級," I'm looking for an apartment to rent, but I hope to buy a house soon.",我正在找一間出租的公寓，但希望能盡快買房。
reserve,v. 預約；保留  ,中級, I'm going to reserve a van to take us to the company picnic.,我打算訂一輛廂型車帶我們去公司野餐。
belong,v. 屬於  ,初級, Who does this tablet belong to?,這塊平板是誰的？
demolish,v. 拆除；破壞  ,高級, It can't be fixed. there is no other way but to demolish it.,這是無法修復的。別無他法，只能拆除它。
dispose,v. 處理  ,高級, Where should I dispose of dead batteries?,我應該把沒電的電池丟棄在哪裡？
renovate,v. 整修  ,高級," The apartment is shabby now, but imagine how it could be if we renovate it!",公寓現在很破舊，但想像一下如果我們翻修會變成什麼樣子！
repair,v. 修理  ,中級, Do you know of a shop that repairs watches.,你知道有哪家店是修理手錶的嗎？
occupy,v. 占用  ,高級, I'm afraid we're going to occupy the only meeting room all day.,恐怕我們整天都得佔據唯一的會議室。
